origin=CombinatorialContracts.SupplySimulation; declaration=CombinatorialContracts.LowerBounds.base_supplyResponse_of_not_mem; axioms=[propext,
 Classical.choice,
 Quot.sound]
origin=CombinatorialContracts.Algorithm; declaration=CombinatorialContracts.bestOf.eq_1; axioms=[propext,
 Classical.choice,
 Quot.sound]
origin=CombinatorialContracts.SupplyProgram; declaration=CombinatorialContracts.SupplyProgram.reward.noConfusion; axioms=[propext,
 Quot.sound,
 Classical.choice]
origin=CombinatorialContracts.EqualRevenue; declaration=CombinatorialContracts.EqualRevenue.utility_le_at_entry; axioms=[propext,
 Classical.choice,
 Quot.sound]
origin=CombinatorialContracts.OracleIdentification; declaration=CombinatorialContracts.OracleIdentification.PointProgram.bind._unsafe_rec; axioms=[]
origin=CombinatorialContracts.LowerBounds; declaration=CombinatorialContracts.LowerBounds.perturbedIncrement_eq; axioms=[propext,
 Classical.choice,
 Quot.sound]
origin=CombinatorialContracts.Scale; declaration=CombinatorialContracts.exists_reward_anchor; axioms=[propext,
 Quot.sound,
 Classical.choice]
origin=CombinatorialContracts.LowerBounds; declaration=CombinatorialContracts.LowerBounds.hidden_entry_nonneg; axioms=[propext,
 Classical.choice,
 Quot.sound]
origin=CombinatorialContracts.ChainRealization; declaration=CombinatorialContracts.RealizedChain.cost_zero; axioms=[propext,
 Quot.sound,
 Classical.choice]
origin=CombinatorialContracts.LowerBounds; declaration=CombinatorialContracts.LowerBounds.profitable_contract_interval; axioms=[propext,
 Classical.choice,
 Quot.sound]
origin=CombinatorialContracts.Tightness; declaration=CombinatorialContracts.Tightness.Singleton.realized._proof_3; axioms=[propext,
 Classical.choice,
 Quot.sound]
origin=CombinatorialContracts.Tightness; declaration=CombinatorialContracts.Tightness.Bundle.cost_b; axioms=[propext,
 Classical.choice,
 Quot.sound]
origin=CombinatorialContracts.OracleProgram; declaration=CombinatorialContracts.QueryKind.cost.elim; axioms=[]
origin=CombinatorialContracts.OracleProgram; declaration=CombinatorialContracts.OracleProgram.tableValues_of_mem._simp_1_5; axioms=[propext]
origin=CombinatorialContracts.EqualRevenue; declaration=CombinatorialContracts.EqualRevenue.singleton_scale; axioms=[propext,
 Quot.sound,
 Classical.choice]
origin=CombinatorialContracts.OracleProgram; declaration=CombinatorialContracts.OracleProgram.noConfusionType; axioms=[propext,
 Classical.choice,
 Quot.sound]
origin=CombinatorialContracts.SparseSupply; declaration=CombinatorialContracts.EqualRevenue.approxSupply_pairBound._proof_1_2; axioms=[propext,
 Quot.sound,
 Classical.choice]
origin=CombinatorialContracts.Tightness; declaration=CombinatorialContracts.Tightness.Bundle.normalized_optimal_pair; axioms=[propext,
 Classical.choice,
 Quot.sound]
origin=CombinatorialContracts.Algorithm; declaration=CombinatorialContracts.algorithm1_output_valid; axioms=[propext,
 Quot.sound,
 Classical.choice]
origin=CombinatorialContracts.PaperStatements; declaration=CombinatorialContracts.Paper.empty_optimalValue; axioms=[propext,
 Quot.sound,
 Classical.choice]
origin=CombinatorialContracts.EqualRevenue; declaration=CombinatorialContracts.EqualRevenue.cost.eq_1; axioms=[propext,
 Classical.choice,
 Quot.sound]
origin=CombinatorialContracts.Tightness; declaration=CombinatorialContracts.Tightness.Bundle.unique_optimal_pair._proof_1_2; axioms=[propext,
 Quot.sound]
origin=CombinatorialContracts.OracleIdentification; declaration=CombinatorialContracts.OracleIdentification.PointProgram.pure.elim; axioms=[]
origin=CombinatorialContracts.OracleIdentification; declaration=CombinatorialContracts.OracleIdentification.PointProgram.result_bind; axioms=[propext]
origin=CombinatorialContracts.SupplyProgram; declaration=CombinatorialContracts.SupplyProgram.cost; axioms=[propext,
 Quot.sound,
 Classical.choice]
origin=CombinatorialContracts.LowerBoundStrategy; declaration=CombinatorialContracts.LowerBounds.runStrategyFuel_mono; axioms=[propext,
 Classical.choice,
 Quot.sound]
origin=CombinatorialContracts.Scaling; declaration=CombinatorialContracts.scaled_reward_le_one; axioms=[propext,
 Quot.sound,
 Classical.choice]
origin=CombinatorialContracts.ChainRealization; declaration=CombinatorialContracts.RealizedChain.casesOn; axioms=[propext,
 Quot.sound,
 Classical.choice]
origin=CombinatorialContracts.ChainEnvelope; declaration=CombinatorialContracts.LineChain.mk.inj; axioms=[propext,
 Classical.choice,
 Quot.sound]
origin=CombinatorialContracts.OracleProgram; declaration=CombinatorialContracts.QueryKind.response; axioms=[]
origin=CombinatorialContracts.SparseSupply; declaration=_private.CombinatorialContracts.SparseSupply.0.CombinatorialContracts.EqualRevenue.rightEnd; axioms=[propext,
 Quot.sound,
 Classical.choice]
origin=CombinatorialContracts.Tightness; declaration=CombinatorialContracts.Tightness.Singleton.realized._proof_7; axioms=[propext,
 Quot.sound]
origin=CombinatorialContracts.Scale; declaration=CombinatorialContracts.scale_certificate_algebra; axioms=[propext,
 Classical.choice,
 Quot.sound]
origin=CombinatorialContracts.SupplyProgram; declaration=CombinatorialContracts.SupplyProgram; axioms=[propext,
 Classical.choice,
 Quot.sound]
origin=CombinatorialContracts.Model; declaration=CombinatorialContracts.IsBestResponse; axioms=[propext,
 Quot.sound,
 Classical.choice]
origin=CombinatorialContracts.Algorithm; declaration=CombinatorialContracts.QueryRecord.noConfusion; axioms=[propext,
 Classical.choice,
 Quot.sound]
origin=CombinatorialContracts.SupplyProgram; declaration=CombinatorialContracts.SupplyProgram.supply; axioms=[propext,
 Classical.choice,
 Quot.sound]
origin=CombinatorialContracts.LowerBoundStrategy; declaration=CombinatorialContracts.LowerBounds.HistoryStrategy; axioms=[propext,
 Classical.choice,
 Quot.sound]
origin=CombinatorialContracts.LowerBounds; declaration=CombinatorialContracts.LowerBounds.unique_optimal_contract._proof_1_1; axioms=[propext,
 Quot.sound]
origin=CombinatorialContracts.SupplyProgram; declaration=CombinatorialContracts.SupplyProgram.cost.inj; axioms=[propext,
 Quot.sound,
 Classical.choice]
origin=CombinatorialContracts.RobustOracleProgram; declaration=CombinatorialContracts.OracleProgram.robustTrace.congr_simp; axioms=[propext,
 Quot.sound,
 Classical.choice]
origin=CombinatorialContracts.EndpointRegression; declaration=CombinatorialContracts.EndpointRegression.freeAction._proof_3; axioms=[propext,
 Quot.sound,
 Classical.choice]
origin=CombinatorialContracts.OracleProgram; declaration=_private.CombinatorialContracts.OracleProgram.0.CombinatorialContracts.OracleProgram.bind.match_1.eq_1; axioms=[propext,
 Classical.choice,
 Quot.sound]
origin=CombinatorialContracts.EqualRevenue; declaration=CombinatorialContracts.EqualRevenue.binaryIndex_eq_map; axioms=[propext,
 Quot.sound]
origin=CombinatorialContracts.PaperStatements; declaration=CombinatorialContracts.Paper.exact_run_query_bounds._proof_1_1; axioms=[propext,
 Quot.sound,
 Classical.choice]
origin=CombinatorialContracts.OracleIdentification; declaration=CombinatorialContracts.OracleIdentification.PointProgram.pure.injEq; axioms=[propext]
origin=CombinatorialContracts.LowerBoundStrategy; declaration=CombinatorialContracts.LowerBounds.StrategyAction.supply.inj; axioms=[propext,
 Classical.choice,
 Quot.sound]
origin=CombinatorialContracts.SparseSupply; declaration=CombinatorialContracts.EqualRevenue.approxSupply_pairBound._proof_1_3; axioms=[propext,
 Quot.sound,
 Classical.choice]
origin=CombinatorialContracts.LowerBounds; declaration=CombinatorialContracts.LowerBounds.model_cost_mono; axioms=[propext,
 Quot.sound,
 Classical.choice]
origin=CombinatorialContracts.Model; declaration=CombinatorialContracts.optimum_lt_one_of_optimalValue_pos; axioms=[propext,
 Quot.sound,
 Classical.choice]
origin=CombinatorialContracts.LowerBoundProgram; declaration=CombinatorialContracts.LowerBounds.batchWeight.eq_2; axioms=[propext,
 Quot.sound,
 Classical.choice]
origin=CombinatorialContracts.FiniteEnvelope; declaration=CombinatorialContracts.FiniteEnvelope.breakpoints; axioms=[propext,
 Quot.sound,
 Classical.choice]
origin=CombinatorialContracts.Welfare; declaration=CombinatorialContracts.welfare_le_card_mul_optimalValue; axioms=[propext,
 Quot.sound,
 Classical.choice]
origin=CombinatorialContracts.LowerBounds; declaration=CombinatorialContracts.LowerBounds.hidden_properties._proof_1_3; axioms=[propext,
 Quot.sound,
 Classical.choice]
origin=CombinatorialContracts.EqualRevenue; declaration=CombinatorialContracts.EqualRevenue.critical_response_index._simp_1_1; axioms=[propext]
origin=CombinatorialContracts.Tightness; declaration=CombinatorialContracts.Tightness.Singleton.singleton_welfare; axioms=[propext,
 Classical.choice,
 Quot.sound]
origin=CombinatorialContracts.Algorithm; declaration=CombinatorialContracts.QueryRecord.mk; axioms=[propext,
 Classical.choice,
 Quot.sound]
origin=CombinatorialContracts.Tightness; declaration=CombinatorialContracts.Tightness.Bundle.normalized_localization_ratio; axioms=[propext,
 Classical.choice,
 Quot.sound]
origin=CombinatorialContracts.Algorithm; declaration=CombinatorialContracts.additiveAlgorithm1_eq; axioms=[propext,
 Quot.sound,
 Classical.choice]
origin=CombinatorialContracts.Tightness; declaration=CombinatorialContracts.Tightness.Bundle.A.eq_1; axioms=[propext,
 Quot.sound,
 Classical.choice]
origin=CombinatorialContracts.Tightness; declaration=CombinatorialContracts.Tightness.Bundle.reward_b; axioms=[propext,
 Classical.choice,
 Quot.sound]
origin=CombinatorialContracts.Tightness; declaration=CombinatorialContracts.Tightness.Singleton.chain; axioms=[propext,
 Classical.choice,
 Quot.sound]
origin=CombinatorialContracts.Algorithm; declaration=_private.CombinatorialContracts.Algorithm.0.CombinatorialContracts.bestOf.match_1.eq_1; axioms=[]
origin=CombinatorialContracts.EqualRevenue; declaration=CombinatorialContracts.EqualRevenue.binaryIndex_union_add_inter; axioms=[propext,
 Quot.sound,
 Classical.choice]
origin=CombinatorialContracts.OracleProgram; declaration=CombinatorialContracts.OracleProgram.response.inj; axioms=[propext,
 Classical.choice,
 Quot.sound]
origin=CombinatorialContracts.ChainRealization; declaration=CombinatorialContracts.RealizedChain.mk.sizeOf_spec; axioms=[propext,
 Quot.sound,
 Classical.choice]
origin=CombinatorialContracts.Model; declaration=CombinatorialContracts.agentUtility; axioms=[propext,
 Quot.sound,
 Classical.choice]
origin=CombinatorialContracts.EndpointRegression; declaration=CombinatorialContracts.EndpointRegression.freeAction; axioms=[propext,
 Quot.sound,
 Classical.choice]
origin=CombinatorialContracts.OracleProgram; declaration=CombinatorialContracts.OracleRun.rewardQueries.eq_1; axioms=[propext,
 Quot.sound,
 Classical.choice]
origin=CombinatorialContracts.Tightness; declaration=CombinatorialContracts.Tightness.Singleton.singleCost.eq_1; axioms=[propext,
 Classical.choice,
 Quot.sound]
origin=CombinatorialContracts.LowerBounds; declaration=CombinatorialContracts.LowerBounds.model._proof_1; axioms=[propext,
 Quot.sound]
origin=CombinatorialContracts.LowerBoundStrategy; declaration=CombinatorialContracts.LowerBounds.exists_supplyProgram_of_hidden_termination; axioms=[propext,
 Classical.choice,
 Quot.sound]
origin=CombinatorialContracts.OracleProgram; declaration=CombinatorialContracts.OracleProgram.cachedRecord; axioms=[propext,
 Classical.choice,
 Quot.sound]
origin=CombinatorialContracts.MainLowerBound; declaration=CombinatorialContracts.LowerBounds.expectedSupplyCalls_nonneg; axioms=[propext,
 Classical.choice,
 Quot.sound]
origin=CombinatorialContracts.Algorithm; declaration=CombinatorialContracts.QueryRecord.response; axioms=[propext,
 Classical.choice,
 Quot.sound]
origin=CombinatorialContracts.Welfare; declaration=CombinatorialContracts.envelope_zero; axioms=[propext,
 Quot.sound,
 Classical.choice]
origin=CombinatorialContracts.SparseSupply; declaration=_private.CombinatorialContracts.SparseSupply.0.CombinatorialContracts.EqualRevenue.rightEnd_of_mem; axioms=[propext,
 Quot.sound,
 Classical.choice]
origin=CombinatorialContracts.LowerBounds; declaration=CombinatorialContracts.LowerBounds.hidden_properties._proof_1_5; axioms=[propext,
 Quot.sound,
 Classical.choice]
origin=CombinatorialContracts.Tightness; declaration=CombinatorialContracts.Tightness.realized_response_unique; axioms=[propext,
 Quot.sound,
 Classical.choice]
origin=CombinatorialContracts.OracleProgram; declaration=CombinatorialContracts.OracleProgram.ctorIdx; axioms=[propext,
 Classical.choice,
 Quot.sound]
origin=CombinatorialContracts.SupplyProgram; declaration=CombinatorialContracts.SupplyProgram.bind.eq_2; axioms=[propext,
 Classical.choice,
 Quot.sound]
origin=CombinatorialContracts.EqualRevenue; declaration=CombinatorialContracts.EqualRevenue.harmonic.eq_1; axioms=[propext,
 Classical.choice,
 Quot.sound]
origin=CombinatorialContracts.LowerBoundProgram; declaration=CombinatorialContracts.LowerBounds.compiledPointProgram_result; axioms=[propext,
 Classical.choice,
 Quot.sound]
origin=CombinatorialContracts.OracleProgram; declaration=CombinatorialContracts.OracleProgram.readSingletons; axioms=[propext,
 Classical.choice,
 Quot.sound]
origin=CombinatorialContracts.SupplyProgram; declaration=CombinatorialContracts.SupplyProgram.pure.noConfusion; axioms=[propext,
 Classical.choice,
 Quot.sound]
origin=CombinatorialContracts.Algorithm; declaration=CombinatorialContracts.OracleRun.noConfusion; axioms=[propext,
 Classical.choice,
 Quot.sound]
origin=CombinatorialContracts.OracleProgram; declaration=_private.CombinatorialContracts.OracleProgram.0.CombinatorialContracts.OracleProgram.eval.match_1.eq_2; axioms=[propext,
 Classical.choice,
 Quot.sound]
origin=CombinatorialContracts.OracleIdentification; declaration=CombinatorialContracts.OracleIdentification.randomized_identification; axioms=[propext,
 Classical.choice,
 Quot.sound]
origin=CombinatorialContracts.Tightness; declaration=_private.CombinatorialContracts.Tightness.0.CombinatorialContracts.Tightness.Singleton.chain.match_1.eq_1; axioms=[]
origin=CombinatorialContracts.Tightness; declaration=CombinatorialContracts.Tightness.Bundle.D.eq_1; axioms=[propext,
 Classical.choice,
 Quot.sound]
origin=CombinatorialContracts.SparseSupply; declaration=CombinatorialContracts.EqualRevenue.approxSupply_card_explicit._proof_1_3; axioms=[propext,
 Quot.sound]
origin=CombinatorialContracts.MainLowerBound; declaration=CombinatorialContracts.OracleIdentification.correct.congr_simp; axioms=[propext,
 Classical.choice,
 Quot.sound]
origin=CombinatorialContracts.Tightness; declaration=CombinatorialContracts.Tightness.Bundle.normalized_optimalValue; axioms=[propext,
 Classical.choice,
 Quot.sound]
origin=CombinatorialContracts.Robustness; declaration=CombinatorialContracts.approximate_clipped_welfare_estimate; axioms=[propext,
 Quot.sound,
 Classical.choice]
origin=CombinatorialContracts.LowerBounds; declaration=CombinatorialContracts.LowerBounds.accuracy_binary_bounds._proof_1_2; axioms=[propext,
 Quot.sound]
origin=CombinatorialContracts.OracleProgram; declaration=CombinatorialContracts.OracleProgram.bind._unsafe_rec; axioms=[propext,
 Classical.choice,
 Quot.sound]
origin=CombinatorialContracts.SharpSparseSupply; declaration=CombinatorialContracts.EqualRevenue.cost_add_gap_sharp._proof_1_2; axioms=[propext,
 Quot.sound]
origin=CombinatorialContracts.Robustness; declaration=CombinatorialContracts.approximate_undershoot_payoff._simp_1_4; axioms=[propext]
origin=CombinatorialContracts.Tightness; declaration=CombinatorialContracts.Tightness.Bundle.R_pos; axioms=[propext,
 Classical.choice,
 Quot.sound]
origin=CombinatorialContracts.OracleIdentification; declaration=CombinatorialContracts.OracleIdentification.correct; axioms=[propext,
 Classical.choice,
 Quot.sound]
origin=CombinatorialContracts.LowerBoundStrategy; declaration=CombinatorialContracts.LowerBounds.StrategyAction.supply.sizeOf_spec; axioms=[propext,
 Classical.choice,
 Quot.sound]
origin=CombinatorialContracts.EqualRevenue; declaration=CombinatorialContracts.EqualRevenue.largest_binary_weight_bounds._proof_1_1; axioms=[propext,
 Quot.sound]
origin=CombinatorialContracts.SupplySimulation; declaration=_private.CombinatorialContracts.SupplySimulation.0.CombinatorialContracts.LowerBounds.noncandidate_index_ne; axioms=[propext,
 Classical.choice,
 Quot.sound]
origin=CombinatorialContracts.EqualRevenue; declaration=CombinatorialContracts.EqualRevenue.utility; axioms=[propext,
 Classical.choice,
 Quot.sound]
origin=CombinatorialContracts.OracleIdentification; declaration=CombinatorialContracts.OracleIdentification.PointProgram.ask; axioms=[]
origin=CombinatorialContracts.Tightness; declaration=CombinatorialContracts.Tightness.Bundle.weight.eq_1; axioms=[propext,
 Classical.choice,
 Quot.sound]
origin=CombinatorialContracts.Scaling; declaration=CombinatorialContracts.scaled_response_iff; axioms=[propext,
 Quot.sound,
 Classical.choice]
origin=CombinatorialContracts.RobustOracleProgram; declaration=CombinatorialContracts.OracleProgram.evalIndexed.match_1; axioms=[propext,
 Classical.choice,
 Quot.sound]
origin=CombinatorialContracts.Algorithm; declaration=CombinatorialContracts.gridShares_valid._proof_1_3; axioms=[propext,
 Quot.sound]
origin=CombinatorialContracts.Tightness; declaration=CombinatorialContracts.Tightness.Bundle.R_zero; axioms=[propext,
 Classical.choice,
 Quot.sound]
origin=CombinatorialContracts.OracleProgram; declaration=CombinatorialContracts.OracleProgram.response; axioms=[propext,
 Classical.choice,
 Quot.sound]
origin=CombinatorialContracts.Robustness; declaration=CombinatorialContracts.approximate_undershoot_payoff._simp_1_7; axioms=[propext]
origin=CombinatorialContracts.FiniteEnvelope; declaration=CombinatorialContracts.FiniteEnvelope.exists_partition._proof_1_1; axioms=[propext,
 Quot.sound]
origin=CombinatorialContracts.OracleIdentification; declaration=CombinatorialContracts.OracleIdentification.BatchProgram.ask.inj; axioms=[]
origin=CombinatorialContracts.Scaling; declaration=CombinatorialContracts.IsResponse.eq_1; axioms=[propext,
 Quot.sound,
 Classical.choice]
origin=CombinatorialContracts.Tightness; declaration=CombinatorialContracts.Tightness.Singleton.rawCost; axioms=[propext,
 Classical.choice,
 Quot.sound]
origin=CombinatorialContracts.ChainRealization; declaration=CombinatorialContracts.RealizedChain.principal_le_of_entry_le._proof_1_3; axioms=[propext,
 Quot.sound]
origin=CombinatorialContracts.Scale; declaration=CombinatorialContracts.grid_scale_algebra; axioms=[propext,
 Classical.choice,
 Quot.sound]
origin=CombinatorialContracts.Model; declaration=CombinatorialContracts.bestResponse_agentUtility_nonneg; axioms=[propext,
 Quot.sound,
 Classical.choice]
origin=CombinatorialContracts.LowerBoundStrategy; declaration=CombinatorialContracts.LowerBounds.StrategyAction.cost.noConfusion; axioms=[propext,
 Quot.sound,
 Classical.choice]
origin=CombinatorialContracts.SupplyProgram; declaration=_private.CombinatorialContracts.SupplyProgram.0.CombinatorialContracts.SupplyProgram.translate.match_1.eq_3; axioms=[propext,
 Classical.choice,
 Quot.sound]
origin=CombinatorialContracts.SupplySimulation; declaration=CombinatorialContracts.LowerBounds.supplyAnswer_correct_if; axioms=[propext,
 Classical.choice,
 Quot.sound]
origin=CombinatorialContracts.MainLowerBound; declaration=CombinatorialContracts.LowerBounds.corollary3_exact_lower_bound; axioms=[propext,
 Classical.choice,
 Quot.sound]
origin=CombinatorialContracts.LowerBoundStrategy; declaration=CombinatorialContracts.LowerBounds.StrategyObservation.supply; axioms=[propext,
 Classical.choice,
 Quot.sound]
origin=CombinatorialContracts.SparseSupply; declaration=_private.CombinatorialContracts.SparseSupply.0.CombinatorialContracts.EqualRevenue.minAmb; axioms=[propext,
 Quot.sound,
 Classical.choice]
origin=CombinatorialContracts.LowerBoundStrategy; declaration=CombinatorialContracts.LowerBounds.StrategyAction.recOn; axioms=[propext,
 Classical.choice,
 Quot.sound]
origin=CombinatorialContracts.LowerBoundStrategy; declaration=CombinatorialContracts.LowerBounds.StrategyObservation.ctorElim; axioms=[propext,
 Classical.choice,
 Quot.sound]
origin=CombinatorialContracts.OracleProgram; declaration=CombinatorialContracts.OracleProgram.geometricTrace.eq_1; axioms=[propext,
 Classical.choice,
 Quot.sound]
origin=CombinatorialContracts.Algorithm; declaration=CombinatorialContracts.QueryRecord.mk.noConfusion; axioms=[propext,
 Classical.choice,
 Quot.sound]
origin=CombinatorialContracts.FiniteEnvelope; declaration=CombinatorialContracts.FiniteEnvelope.active_on_gap; axioms=[propext,
 Quot.sound,
 Classical.choice]
origin=CombinatorialContracts.EqualRevenue; declaration=CombinatorialContracts.EqualRevenue.harmonic_dyadic_step._proof_1_2; axioms=[propext,
 Quot.sound]
origin=CombinatorialContracts.Tightness; declaration=CombinatorialContracts.Tightness.Singleton.sets_zero; axioms=[propext,
 Quot.sound]
origin=CombinatorialContracts.RobustOracleProgram; declaration=CombinatorialContracts.OracleProgram.evalIndexed_bind; axioms=[propext,
 Classical.choice,
 Quot.sound]
origin=CombinatorialContracts.SparseSupply; declaration=CombinatorialContracts.EqualRevenue.PairBound; axioms=[propext,
 Quot.sound]
origin=CombinatorialContracts.OracleProgram; declaration=CombinatorialContracts.OracleProgram.brecOn; axioms=[propext,
 Classical.choice,
 Quot.sound]
origin=CombinatorialContracts.Tightness; declaration=CombinatorialContracts.Tightness.Singleton.realized.eq_1; axioms=[propext,
 Classical.choice,
 Quot.sound]
origin=CombinatorialContracts.SparseSupply; declaration=_private.CombinatorialContracts.SparseSupply.0.CombinatorialContracts.EqualRevenue.cost_add_gap; axioms=[propext,
 Classical.choice,
 Quot.sound]
origin=CombinatorialContracts.Scaling; declaration=CombinatorialContracts.scaled_bestResponse_iff._simp_1; axioms=[propext,
 Quot.sound,
 Classical.choice]
origin=CombinatorialContracts.Tightness; declaration=CombinatorialContracts.Tightness.Singleton.realized._proof_12; axioms=[propext,
 Quot.sound]
origin=CombinatorialContracts.EqualRevenue; declaration=CombinatorialContracts.EqualRevenue.binaryIndex; axioms=[propext,
 Quot.sound]
origin=CombinatorialContracts.Scaling; declaration=CombinatorialContracts.scaledModel._proof_4; axioms=[propext,
 Quot.sound,
 Classical.choice]
origin=CombinatorialContracts.Algorithm; declaration=CombinatorialContracts.additiveAlgorithm1_approximation; axioms=[propext,
 Quot.sound,
 Classical.choice]
origin=CombinatorialContracts.RobustOracleProgram; declaration=CombinatorialContracts.OracleProgram.evalIndexed_queryRecord; axioms=[propext,
 Classical.choice,
 Quot.sound]
origin=CombinatorialContracts.ChainEnvelope; declaration=CombinatorialContracts.LineChain.noConfusionType; axioms=[propext,
 Classical.choice,
 Quot.sound]
origin=CombinatorialContracts.OracleIdentification; declaration=CombinatorialContracts.OracleIdentification.BatchProgram.successProbability; axioms=[propext,
 Quot.sound,
 Classical.choice]
origin=CombinatorialContracts.OracleIdentification; declaration=CombinatorialContracts.OracleIdentification.pointOracle.eq_1; axioms=[]
origin=CombinatorialContracts.EqualRevenue; declaration=CombinatorialContracts.EqualRevenue.binaryIndex_lt; axioms=[propext,
 Quot.sound,
 Classical.choice]
origin=CombinatorialContracts.Tightness; declaration=CombinatorialContracts.Tightness.Singleton.realized; axioms=[propext,
 Classical.choice,
 Quot.sound]
origin=CombinatorialContracts.Tightness; declaration=CombinatorialContracts.Tightness.Bundle.action_count; axioms=[propext,
 Quot.sound,
 Classical.choice]
origin=CombinatorialContracts.OracleProgram; declaration=CombinatorialContracts.OracleProgram.eval_cachedRecords; axioms=[propext,
 Classical.choice,
 Quot.sound]
origin=CombinatorialContracts.Scaling; declaration=CombinatorialContracts.scaled_principal; axioms=[propext,
 Quot.sound,
 Classical.choice]
origin=CombinatorialContracts.Algorithm; declaration=CombinatorialContracts.bestOf_mem; axioms=[propext,
 Classical.choice,
 Quot.sound]
origin=CombinatorialContracts.OracleIdentification; declaration=CombinatorialContracts.OracleIdentification.BatchProgram._sizeOf_1; axioms=[]
origin=CombinatorialContracts.Tightness; declaration=CombinatorialContracts.Tightness.Bundle.optimalValue_eq._proof_1_1; axioms=[propext,
 Quot.sound]
origin=CombinatorialContracts.FiniteEnvelope; declaration=CombinatorialContracts.FiniteEnvelope.maximal_slope_of_active_right; axioms=[propext,
 Classical.choice,
 Quot.sound]
origin=CombinatorialContracts.LowerBoundProgram; declaration=CombinatorialContracts.LowerBounds.compiledPointProgram; axioms=[propext,
 Classical.choice,
 Quot.sound]
origin=CombinatorialContracts.OracleIdentification; declaration=CombinatorialContracts.OracleIdentification.BatchProgram.ask.sizeOf_spec; axioms=[]
origin=CombinatorialContracts.LowerBounds; declaration=CombinatorialContracts.LowerBounds.perturbedCost_add._proof_1_2; axioms=[propext,
 Quot.sound]
origin=CombinatorialContracts.ChainRealization; declaration=CombinatorialContracts.RealizedChain.set_zero; axioms=[propext,
 Quot.sound,
 Classical.choice]
origin=CombinatorialContracts.FiniteEnvelope; declaration=CombinatorialContracts.FiniteEnvelope.intersection_mem_breakpoints; axioms=[propext,
 Quot.sound,
 Classical.choice]
origin=CombinatorialContracts.Tightness; declaration=CombinatorialContracts.Tightness.Singleton.chain._proof_3; axioms=[propext,
 Quot.sound]
origin=CombinatorialContracts.LowerBoundProgram; declaration=CombinatorialContracts.LowerBounds.batchWeight; axioms=[propext,
 Classical.choice,
 Quot.sound]
origin=CombinatorialContracts.OracleIdentification; declaration=CombinatorialContracts.OracleIdentification.BatchProgram.identification; axioms=[propext,
 Quot.sound,
 Classical.choice]
origin=CombinatorialContracts.Model; declaration=CombinatorialContracts.optimalValue; axioms=[propext,
 Quot.sound,
 Classical.choice]
origin=CombinatorialContracts.Tightness; declaration=CombinatorialContracts.Tightness.Bundle.chain._proof_4; axioms=[propext,
 Classical.choice,
 Quot.sound]
origin=CombinatorialContracts.Robustness; declaration=CombinatorialContracts.approximate_undershoot_payoff._simp_1_2; axioms=[propext]
origin=CombinatorialContracts.Algorithm; declaration=CombinatorialContracts.algorithm1_zero_welfare; axioms=[propext,
 Quot.sound,
 Classical.choice]
origin=CombinatorialContracts.OracleProgram; declaration=CombinatorialContracts.OracleRun.costQueries.eq_1; axioms=[propext,
 Classical.choice,
 Quot.sound]
origin=CombinatorialContracts.Tightness; declaration=CombinatorialContracts.Tightness.Bundle.A; axioms=[propext,
 Quot.sound,
 Classical.choice]
origin=CombinatorialContracts.SupplySimulation; declaration=CombinatorialContracts.LowerBounds.supplyUtility_perturbed; axioms=[propext,
 Classical.choice,
 Quot.sound]
origin=CombinatorialContracts.OracleIdentification; declaration=_private.CombinatorialContracts.OracleIdentification.0.CombinatorialContracts.OracleIdentification.pointBatch.match_1.eq_1; axioms=[]
origin=CombinatorialContracts.Model; declaration=CombinatorialContracts.principal.eq_1; axioms=[propext,
 Quot.sound,
 Classical.choice]
origin=CombinatorialContracts.ChainEnvelope; declaration=CombinatorialContracts.LineChain.mk; axioms=[propext,
 Classical.choice,
 Quot.sound]
origin=CombinatorialContracts.OracleIdentification; declaration=CombinatorialContracts.OracleIdentification.PointProgram.casesOn; axioms=[]
origin=CombinatorialContracts.SharpSparseSupply; declaration=CombinatorialContracts.EqualRevenue.approxSupply_pairBound_sharp._proof_1_3; axioms=[propext,
 Quot.sound,
 Classical.choice]
origin=CombinatorialContracts.RobustOracleProgram; declaration=CombinatorialContracts.OracleProgram.evalIndexed.eq_3; axioms=[propext,
 Classical.choice,
 Quot.sound]
origin=CombinatorialContracts.SparseSupply; declaration=_private.CombinatorialContracts.SparseSupply.0.CombinatorialContracts.EqualRevenue.encoding_injective_ordered._proof_1_4; axioms=[propext,
 Quot.sound,
 Classical.choice]
origin=CombinatorialContracts.LowerBounds; declaration=CombinatorialContracts.LowerBounds.perturbedCost_nonneg; axioms=[propext,
 Classical.choice,
 Quot.sound]
origin=CombinatorialContracts.SharpSparseSupply; declaration=CombinatorialContracts.EqualRevenue.critical_gap_minimum._proof_1_2; axioms=[propext,
 Quot.sound]
origin=CombinatorialContracts.ChainEnvelope; declaration=CombinatorialContracts.LineChain.utility_step_nonpos._proof_1_2; axioms=[propext,
 Quot.sound]
origin=CombinatorialContracts.Model; declaration=CombinatorialContracts.IsSupplyResponse; axioms=[propext,
 Quot.sound,
 Classical.choice]
origin=CombinatorialContracts.OracleIdentification; declaration=CombinatorialContracts.OracleIdentification.PointProgram.ask.elim; axioms=[]
origin=CombinatorialContracts.LowerBounds; declaration=CombinatorialContracts.LowerBounds.accuracy_binary_bounds; axioms=[propext,
 Classical.choice,
 Quot.sound]
origin=CombinatorialContracts.EqualRevenue; declaration=CombinatorialContracts.EqualRevenue.binaryIndex_insert; axioms=[propext,
 Quot.sound]
origin=CombinatorialContracts.LowerBounds; declaration=CombinatorialContracts.LowerBounds.perturbation.eq_1; axioms=[propext,
 Classical.choice,
 Quot.sound]
origin=CombinatorialContracts.LowerBoundStrategy; declaration=CombinatorialContracts.LowerBounds.runStrategyFuel; axioms=[propext,
 Classical.choice,
 Quot.sound]
origin=CombinatorialContracts.LowerBounds; declaration=CombinatorialContracts.LowerBounds.accuracy; axioms=[propext,
 Classical.choice,
 Quot.sound]
origin=CombinatorialContracts.LowerBoundStrategy; declaration=CombinatorialContracts.LowerBounds.runStrategyFuel.match_1; axioms=[propext,
 Classical.choice,
 Quot.sound]
origin=CombinatorialContracts.SparseSupply; declaration=_private.CombinatorialContracts.SparseSupply.0.CombinatorialContracts.EqualRevenue.Ambiguous; axioms=[propext,
 Quot.sound,
 Classical.choice]
origin=CombinatorialContracts.SparseSupply; declaration=_private.CombinatorialContracts.SparseSupply.0.CombinatorialContracts.EqualRevenue.lowBits; axioms=[propext,
 Quot.sound]
origin=CombinatorialContracts.ChainEnvelope; declaration=CombinatorialContracts.LineChain.rec; axioms=[propext,
 Classical.choice,
 Quot.sound]
origin=CombinatorialContracts.Tightness; declaration=CombinatorialContracts.Tightness.Bundle.cost.eq_1; axioms=[propext,
 Classical.choice,
 Quot.sound]
origin=CombinatorialContracts.LowerBoundProgram; declaration=CombinatorialContracts.LowerBounds.costAnswer; axioms=[propext,
 Quot.sound,
 Classical.choice]
origin=CombinatorialContracts.LowerBounds; declaration=CombinatorialContracts.LowerBounds.perturbedCost_zero; axioms=[propext,
 Classical.choice,
 Quot.sound]
origin=CombinatorialContracts.RobustOracleProgram; declaration=CombinatorialContracts.OracleProgram.robustProgram_query_bounds; axioms=[propext,
 Quot.sound,
 Classical.choice]
origin=CombinatorialContracts.OracleProgram; declaration=CombinatorialContracts.instDecidableEqQueryKind._proof_2; axioms=[]
origin=CombinatorialContracts.OracleProgram; declaration=CombinatorialContracts.OracleProgram.tableValues.match_1; axioms=[]
origin=CombinatorialContracts.Model; declaration=CombinatorialContracts.agentUtility.eq_1; axioms=[propext,
 Quot.sound,
 Classical.choice]
origin=CombinatorialContracts.Tightness; declaration=CombinatorialContracts.Tightness.Bundle.principal_at_optimal; axioms=[propext,
 Classical.choice,
 Quot.sound]
origin=CombinatorialContracts.SparseSupply; declaration=CombinatorialContracts.EqualRevenue.mem_approxSupply._simp_1; axioms=[propext,
 Classical.choice,
 Quot.sound]
origin=CombinatorialContracts.Model; declaration=CombinatorialContracts.supplyUtility_eq_agentUtility; axioms=[propext,
 Quot.sound,
 Classical.choice]
origin=CombinatorialContracts.LowerBoundProgram; declaration=CombinatorialContracts.LowerBounds.batchCandidates; axioms=[propext,
 Classical.choice,
 Quot.sound]
origin=CombinatorialContracts.Tightness; declaration=CombinatorialContracts.Tightness.Bundle.sets.match_1; axioms=[]
origin=CombinatorialContracts.EqualRevenue; declaration=CombinatorialContracts.EqualRevenue.utility_succ; axioms=[propext,
 Classical.choice,
 Quot.sound]
origin=CombinatorialContracts.OracleIdentification; declaration=CombinatorialContracts.OracleIdentification.randomized_expected_probes_lower_bound; axioms=[propext,
 Classical.choice,
 Quot.sound]
origin=CombinatorialContracts.ChainEnvelope; declaration=CombinatorialContracts.LineChain._sizeOf_inst; axioms=[propext,
 Classical.choice,
 Quot.sound]
origin=CombinatorialContracts.Geometric; declaration=CombinatorialContracts.shifted_geometric_cover._proof_1_3; axioms=[propext,
 Quot.sound]
origin=CombinatorialContracts.Scaling; declaration=CombinatorialContracts.scaled_response_iff._simp_1; axioms=[propext,
 Quot.sound,
 Classical.choice]
origin=CombinatorialContracts.ChainRealization; declaration=CombinatorialContracts.RealizedChain.unique_optimal_pair._proof_1_3; axioms=[propext,
 Quot.sound]
origin=CombinatorialContracts.SharpSparseSupply; declaration=CombinatorialContracts.EqualRevenue.increment_gap_sharp._proof_1_1; axioms=[propext,
 Quot.sound]
origin=CombinatorialContracts.OracleProgram; declaration=CombinatorialContracts.OracleProgram.reward; axioms=[propext,
 Quot.sound,
 Classical.choice]
origin=CombinatorialContracts.Model; declaration=CombinatorialContracts.optimalValue.eq_1; axioms=[propext,
 Quot.sound,
 Classical.choice]
origin=CombinatorialContracts.Tightness; declaration=CombinatorialContracts.Tightness.proposition9_i; axioms=[propext,
 Classical.choice,
 Quot.sound]
origin=CombinatorialContracts.Tightness; declaration=CombinatorialContracts.Tightness.Bundle.chain._simp_6; axioms=[propext]
origin=CombinatorialContracts.ChainRealization; declaration=CombinatorialContracts.RealizedChain.isResponse_at_entry._proof_1_2; axioms=[propext,
 Quot.sound]
origin=CombinatorialContracts.LowerBounds; declaration=CombinatorialContracts.LowerBounds.perturbedIncrement_nonneg._proof_1_1; axioms=[propext,
 Quot.sound]
origin=CombinatorialContracts.Algorithm; declaration=CombinatorialContracts.QueryRecord.mk.inj; axioms=[propext,
 Classical.choice,
 Quot.sound]
origin=CombinatorialContracts.LowerBounds; declaration=CombinatorialContracts.LowerBounds.perturbedCost.eq_1; axioms=[propext,
 Classical.choice,
 Quot.sound]
origin=CombinatorialContracts.OracleProgram; declaration=_private.CombinatorialContracts.OracleProgram.0.CombinatorialContracts.OracleProgram.eval.match_1.eq_1; axioms=[propext,
 Classical.choice,
 Quot.sound]
origin=CombinatorialContracts.RobustOracleProgram; declaration=CombinatorialContracts.OracleProgram.robustProgram; axioms=[propext,
 Quot.sound,
 Classical.choice]
origin=CombinatorialContracts.OracleProgram; declaration=CombinatorialContracts.OracleProgram.tableValues._sunfold; axioms=[propext,
 Quot.sound,
 Classical.choice]
origin=CombinatorialContracts.OracleIdentification; declaration=CombinatorialContracts.OracleIdentification.BatchProgram.pure.sizeOf_spec; axioms=[]
origin=CombinatorialContracts.Tightness; declaration=CombinatorialContracts.Tightness.realized_response_unique._proof_1_1; axioms=[propext,
 Quot.sound]
origin=CombinatorialContracts.EqualRevenue; declaration=CombinatorialContracts.EqualRevenue.optimalValue_eq_one; axioms=[propext,
 Classical.choice,
 Quot.sound]
origin=CombinatorialContracts.EqualRevenue; declaration=CombinatorialContracts.EqualRevenue.increment_gap; axioms=[propext,
 Classical.choice,
 Quot.sound]
origin=CombinatorialContracts.FiniteEnvelope; declaration=CombinatorialContracts.FiniteEnvelope.exists_grid._proof_1_8; axioms=[propext,
 Quot.sound,
 Classical.choice]
origin=CombinatorialContracts.EqualRevenue; declaration=CombinatorialContracts.EqualRevenue.cost_eq; axioms=[propext,
 Classical.choice,
 Quot.sound]
origin=CombinatorialContracts.OracleIdentification; declaration=CombinatorialContracts.OracleIdentification.BatchProgram.callCost.eq_1; axioms=[propext]
origin=CombinatorialContracts.LowerBoundProgram; declaration=CombinatorialContracts.LowerBounds.execute; axioms=[propext,
 Classical.choice,
 Quot.sound]
origin=CombinatorialContracts.OracleIdentification; declaration=CombinatorialContracts.OracleIdentification.BatchProgram.callCost_add; axioms=[propext,
 Quot.sound]
origin=CombinatorialContracts.Tightness; declaration=CombinatorialContracts.Tightness.Singleton.Z; axioms=[propext,
 Classical.choice,
 Quot.sound]
origin=CombinatorialContracts.Tightness; declaration=CombinatorialContracts.Tightness.Singleton.entry.eq_1; axioms=[propext,
 Classical.choice,
 Quot.sound]
origin=CombinatorialContracts.Algorithm; declaration=CombinatorialContracts.QueryRecord.utility.eq_1; axioms=[propext,
 Classical.choice,
 Quot.sound]
origin=CombinatorialContracts.Tightness; declaration=CombinatorialContracts.Tightness.Singleton.realized._proof_13; axioms=[propext,
 Classical.choice,
 Quot.sound]
origin=CombinatorialContracts.SharpSparseSupply; declaration=CombinatorialContracts.EqualRevenue.critical_gap_eq; axioms=[propext,
 Classical.choice,
 Quot.sound]
origin=CombinatorialContracts.SupplyProgram; declaration=CombinatorialContracts.SupplyProgram.bind.eq_4; axioms=[propext,
 Classical.choice,
 Quot.sound]
origin=CombinatorialContracts.SupplySimulation; declaration=CombinatorialContracts.LowerBounds.supplyAnswer.eq_2; axioms=[propext,
 Classical.choice,
 Quot.sound]
origin=CombinatorialContracts.LowerBoundStrategy; declaration=CombinatorialContracts.LowerBounds.StrategyAction.supply; axioms=[propext,
 Classical.choice,
 Quot.sound]
origin=CombinatorialContracts.LowerBoundProgram; declaration=CombinatorialContracts.LowerBounds.batchCandidates.eq_2; axioms=[propext,
 Quot.sound,
 Classical.choice]
origin=CombinatorialContracts.OracleProgram; declaration=CombinatorialContracts.QueryKind; axioms=[]
origin=CombinatorialContracts.OracleIdentification; declaration=CombinatorialContracts.OracleIdentification.BatchProgram.expectedCost_map; axioms=[propext,
 Quot.sound,
 Classical.choice]
origin=CombinatorialContracts.OracleIdentification; declaration=CombinatorialContracts.OracleIdentification.PointProgram._sizeOf_inst; axioms=[]
origin=CombinatorialContracts.SupplySimulation; declaration=_private.CombinatorialContracts.SupplySimulation.0.CombinatorialContracts.LowerBounds.supplyAnswer.match_1.eq_2; axioms=[]
origin=CombinatorialContracts.LowerBoundStrategy; declaration=CombinatorialContracts.LowerBounds.StrategyObservation.reward.inj; axioms=[propext,
 Quot.sound,
 Classical.choice]
origin=CombinatorialContracts.FiniteEnvelope; declaration=CombinatorialContracts.FiniteEnvelope.active_eq_envelope; axioms=[propext,
 Quot.sound,
 Classical.choice]
origin=CombinatorialContracts.LowerBounds; declaration=CombinatorialContracts.LowerBounds.principal_le_hidden; axioms=[propext,
 Classical.choice,
 Quot.sound]
origin=CombinatorialContracts.EqualRevenue; declaration=CombinatorialContracts.EqualRevenue.increment_zero; axioms=[propext,
 Classical.choice,
 Quot.sound]
origin=CombinatorialContracts.Tightness; declaration=_private.CombinatorialContracts.Tightness.0.CombinatorialContracts.Tightness.Singleton.chain.match_1.splitter; axioms=[]
origin=CombinatorialContracts.OracleProgram; declaration=CombinatorialContracts.OracleProgram.reward.inj; axioms=[propext,
 Quot.sound,
 Classical.choice]
origin=CombinatorialContracts.Algorithm; declaration=CombinatorialContracts.OracleRun.responseQueries.eq_1; axioms=[propext,
 Classical.choice,
 Quot.sound]
origin=CombinatorialContracts.SparseSupply; declaration=_private.CombinatorialContracts.SparseSupply.0.CombinatorialContracts.EqualRevenue.lowBits_extend_two._proof_1_3; axioms=[propext,
 Quot.sound]
origin=CombinatorialContracts.Model; declaration=CombinatorialContracts.Model.noConfusionType; axioms=[propext,
 Quot.sound,
 Classical.choice]
origin=CombinatorialContracts.OracleIdentification; declaration=CombinatorialContracts.OracleIdentification.expectedProbes_nonneg; axioms=[propext,
 Quot.sound,
 Classical.choice]
origin=CombinatorialContracts.Tightness; declaration=CombinatorialContracts.Tightness.Singleton.realized._proof_4; axioms=[propext,
 Classical.choice,
 Quot.sound]
origin=CombinatorialContracts.SupplyProgram; declaration=_private.CombinatorialContracts.SupplyProgram.0.CombinatorialContracts.SupplyProgram.translate.match_1.eq_4; axioms=[propext,
 Classical.choice,
 Quot.sound]
origin=CombinatorialContracts.Tightness; declaration=CombinatorialContracts.Tightness.Singleton.singleCost; axioms=[propext,
 Classical.choice,
 Quot.sound]
origin=CombinatorialContracts.LowerBounds; declaration=CombinatorialContracts.LowerBounds.perturbedIncrement; axioms=[propext,
 Classical.choice,
 Quot.sound]
origin=CombinatorialContracts.Tightness; declaration=CombinatorialContracts.Tightness.Bundle.normalized_reward_univ; axioms=[propext,
 Classical.choice,
 Quot.sound]
origin=CombinatorialContracts.PaperStatements; declaration=CombinatorialContracts.Paper.logarithmic_value_query_bound; axioms=[propext,
 Classical.choice,
 Quot.sound]
origin=CombinatorialContracts.SparseSupply; declaration=_private.CombinatorialContracts.SparseSupply.0.CombinatorialContracts.EqualRevenue.bitAt_eq_iff._simp_1_2; axioms=[propext]
origin=CombinatorialContracts.MainLowerBound; declaration=CombinatorialContracts.LowerBounds.theorem8_worst_instance; axioms=[propext,
 Classical.choice,
 Quot.sound]
origin=CombinatorialContracts.LowerBoundStrategy; declaration=CombinatorialContracts.LowerBounds.unrollStrategy_exact; axioms=[propext,
 Classical.choice,
 Quot.sound]
origin=CombinatorialContracts.LowerBoundStrategy; declaration=CombinatorialContracts.LowerBounds.StrategyObservation.supply.sizeOf_spec; axioms=[propext,
 Classical.choice,
 Quot.sound]
origin=CombinatorialContracts.Tightness; declaration=CombinatorialContracts.Tightness.Singleton.singleCost_step; axioms=[propext,
 Classical.choice,
 Quot.sound]
origin=CombinatorialContracts.RobustOracleProgram; declaration=CombinatorialContracts.OracleProgram.evalIndexed._sunfold; axioms=[propext,
 Classical.choice,
 Quot.sound]
origin=CombinatorialContracts.LowerBounds; declaration=CombinatorialContracts.LowerBounds.optimalValue_eq_hidden._proof_1_2; axioms=[propext,
 Quot.sound]
origin=CombinatorialContracts.LowerBounds; declaration=CombinatorialContracts.LowerBounds.hidden_isResponse._proof_1_9; axioms=[propext,
 Quot.sound]
origin=CombinatorialContracts.LowerBounds; declaration=CombinatorialContracts.LowerBounds.approximate_profit_gt_one; axioms=[propext,
 Classical.choice,
 Quot.sound]
origin=CombinatorialContracts.OracleProgram; declaration=CombinatorialContracts.QueryKind.ctorElim; axioms=[]
origin=CombinatorialContracts.OracleIdentification; declaration=CombinatorialContracts.OracleIdentification.BatchProgram.expectedCost.congr_simp; axioms=[propext,
 Quot.sound,
 Classical.choice]
origin=CombinatorialContracts.LowerBoundProgram; declaration=CombinatorialContracts.LowerBounds.costAnswer_correct; axioms=[propext,
 Quot.sound,
 Classical.choice]
origin=CombinatorialContracts.Tightness; declaration=CombinatorialContracts.Tightness.Bundle.reward_pos; axioms=[propext,
 Quot.sound,
 Classical.choice]
origin=CombinatorialContracts.Algorithm; declaration=CombinatorialContracts.QueryRecord.ctorIdx; axioms=[propext,
 Classical.choice,
 Quot.sound]
origin=CombinatorialContracts.OracleIdentification; declaration=CombinatorialContracts.OracleIdentification.expectedProbes.congr_simp; axioms=[propext,
 Quot.sound,
 Classical.choice]
origin=CombinatorialContracts.LowerBounds; declaration=CombinatorialContracts.LowerBounds.hidden_isResponse._proof_1_1; axioms=[propext,
 Quot.sound]
origin=CombinatorialContracts.RobustOracleProgram; declaration=CombinatorialContracts.OracleProgram.evalIndexed_robustProgram; axioms=[propext,
 Quot.sound,
 Classical.choice]
origin=CombinatorialContracts.LowerBoundStrategy; declaration=CombinatorialContracts.LowerBounds.StrategyObservation.cost.injEq; axioms=[propext,
 Quot.sound,
 Classical.choice]
origin=CombinatorialContracts.OracleIdentification; declaration=CombinatorialContracts.OracleIdentification.randomized_identification_lintegral; axioms=[propext,
 Classical.choice,
 Quot.sound]
origin=CombinatorialContracts.MainLowerBound; declaration=CombinatorialContracts.LowerBounds.identificationProgram_probes; axioms=[propext,
 Classical.choice,
 Quot.sound]
origin=CombinatorialContracts.OracleIdentification; declaration=CombinatorialContracts.OracleIdentification.PointProgram.pure; axioms=[]
origin=CombinatorialContracts.EqualRevenue; declaration=CombinatorialContracts.EqualRevenue.cost_nonneg; axioms=[propext,
 Classical.choice,
 Quot.sound]
origin=CombinatorialContracts.OracleIdentification; declaration=CombinatorialContracts.OracleIdentification.probeSum.congr_simp; axioms=[propext,
 Quot.sound,
 Classical.choice]
origin=CombinatorialContracts.LowerBounds; declaration=CombinatorialContracts.LowerBounds.hard_family._proof_1_1; axioms=[propext,
 Quot.sound,
 Classical.choice]
origin=CombinatorialContracts.Robustness; declaration=CombinatorialContracts.IsApproxBestResponse; axioms=[propext,
 Quot.sound,
 Classical.choice]
origin=CombinatorialContracts.Tightness; declaration=CombinatorialContracts.Tightness.Singleton.welfare_eq._proof_1_1; axioms=[propext,
 Quot.sound]
origin=CombinatorialContracts.LowerBoundStrategy; declaration=CombinatorialContracts.LowerBounds.StrategyAction.reward.elim; axioms=[propext,
 Classical.choice,
 Quot.sound]
origin=CombinatorialContracts.SparseSupply; declaration=CombinatorialContracts.EqualRevenue.approxSupply_pairBound._proof_1_1; axioms=[propext,
 Quot.sound]
origin=CombinatorialContracts.Tightness; declaration=CombinatorialContracts.Tightness.Singleton.reward_univ; axioms=[propext,
 Classical.choice,
 Quot.sound]
origin=CombinatorialContracts.LowerBoundStrategy; declaration=CombinatorialContracts.LowerBounds.StrategyObservation.ctorIdx; axioms=[propext,
 Classical.choice,
 Quot.sound]
origin=CombinatorialContracts.Tightness; declaration=CombinatorialContracts.Tightness.Singleton.optimalValue_eq._proof_1_2; axioms=[propext,
 Quot.sound]
origin=CombinatorialContracts.OracleProgram; declaration=CombinatorialContracts.OracleProgram.algorithm1Program_counts; axioms=[propext,
 Quot.sound,
 Classical.choice]
origin=CombinatorialContracts.EqualRevenue; declaration=CombinatorialContracts.EqualRevenue.optimalValue_eq_one._proof_1_2; axioms=[propext,
 Quot.sound]
origin=CombinatorialContracts.Tightness; declaration=CombinatorialContracts.Tightness.Singleton.singleCost_zero; axioms=[propext,
 Classical.choice,
 Quot.sound]
origin=CombinatorialContracts.LowerBounds; declaration=CombinatorialContracts.LowerBounds.Hidden; axioms=[propext,
 Quot.sound,
 Classical.choice]
origin=CombinatorialContracts.MainLowerBound; declaration=CombinatorialContracts.LowerBounds.corollary3_exact_worst_instance; axioms=[propext,
 Classical.choice,
 Quot.sound]
origin=CombinatorialContracts.Tightness; declaration=CombinatorialContracts.Tightness.additiveModel_cost; axioms=[propext,
 Quot.sound,
 Classical.choice]
origin=CombinatorialContracts.LowerBounds; declaration=CombinatorialContracts.LowerBounds.perturbation; axioms=[propext,
 Classical.choice,
 Quot.sound]
origin=CombinatorialContracts.SparseSupply; declaration=_private.CombinatorialContracts.SparseSupply.0.CombinatorialContracts.EqualRevenue.bitAt.eq_1; axioms=[propext,
 Quot.sound]
origin=CombinatorialContracts.OracleProgram; declaration=CombinatorialContracts.QueryKind.ofNat_ctorIdx; axioms=[]
origin=CombinatorialContracts.Tightness; declaration=CombinatorialContracts.Tightness.Bundle.reward; axioms=[propext,
 Quot.sound,
 Classical.choice]
origin=CombinatorialContracts.OracleProgram; declaration=CombinatorialContracts.OracleProgram.recOn; axioms=[propext,
 Classical.choice,
 Quot.sound]
origin=CombinatorialContracts.ChainEnvelope; declaration=CombinatorialContracts.LineChain.entry_mono; axioms=[propext,
 Classical.choice,
 Quot.sound]
origin=CombinatorialContracts.SupplyProgram; declaration=CombinatorialContracts.SupplyProgram.algorithm_counts; axioms=[propext,
 Quot.sound,
 Classical.choice]
origin=CombinatorialContracts.OracleProgram; declaration=CombinatorialContracts.QueryKind.toCtorIdx; axioms=[]
origin=CombinatorialContracts.LowerBounds; declaration=CombinatorialContracts.LowerBounds.perturbedIncrement_bounds; axioms=[propext,
 Classical.choice,
 Quot.sound]
origin=CombinatorialContracts.OracleIdentification; declaration=CombinatorialContracts.OracleIdentification.pointBatch_probes._proof_1_9; axioms=[propext,
 Quot.sound]
origin=CombinatorialContracts.SupplyProgram; declaration=CombinatorialContracts.SupplyProgram.cost.sizeOf_spec; axioms=[propext,
 Quot.sound,
 Classical.choice]
origin=CombinatorialContracts.Tightness; declaration=CombinatorialContracts.Tightness.Singleton.entry_profit._simp_1_5; axioms=[propext]
origin=CombinatorialContracts.LowerBoundStrategy; declaration=CombinatorialContracts.LowerBounds.StrategyAction.cost.sizeOf_spec; axioms=[propext,
 Quot.sound,
 Classical.choice]
origin=CombinatorialContracts.RobustOracleProgram; declaration=CombinatorialContracts.OracleProgram.evalIndexed_queryRecords; axioms=[propext,
 Classical.choice,
 Quot.sound]
origin=CombinatorialContracts.EqualRevenue; declaration=CombinatorialContracts.EqualRevenue.increment; axioms=[propext,
 Classical.choice,
 Quot.sound]
origin=CombinatorialContracts.SupplySimulation; declaration=CombinatorialContracts.LowerBounds.perturbed_optimizer_mem_approxSupply; axioms=[propext,
 Classical.choice,
 Quot.sound]
origin=CombinatorialContracts.LowerBoundStrategy; declaration=CombinatorialContracts.LowerBounds.StrategyAction.halt.noConfusion; axioms=[propext,
 Classical.choice,
 Quot.sound]
origin=CombinatorialContracts.Scaling; declaration=CombinatorialContracts.scaledModel._proof_2; axioms=[propext,
 Quot.sound,
 Classical.choice]
origin=CombinatorialContracts.OracleProgram; declaration=CombinatorialContracts.OracleProgram.eval_cachedRecord; axioms=[propext,
 Classical.choice,
 Quot.sound]
origin=CombinatorialContracts.EqualRevenue; declaration=CombinatorialContracts.EqualRevenue.singleton_scale_of_largest_reward._proof_1_1; axioms=[propext,
 Quot.sound]
origin=CombinatorialContracts.Algorithm; declaration=CombinatorialContracts.QueryRecord; axioms=[propext,
 Classical.choice,
 Quot.sound]
origin=CombinatorialContracts.EqualRevenue; declaration=CombinatorialContracts.EqualRevenue.model._proof_1; axioms=[propext,
 Quot.sound,
 Classical.choice]
origin=CombinatorialContracts.LowerBoundProgram; declaration=CombinatorialContracts.LowerBounds.compileSupplyProgram._sunfold; axioms=[propext,
 Classical.choice,
 Quot.sound]
origin=CombinatorialContracts.LowerBoundStrategy; declaration=CombinatorialContracts.LowerBounds.unrollStrategy.eq_2; axioms=[propext,
 Classical.choice,
 Quot.sound]
origin=CombinatorialContracts.LowerBoundStrategy; declaration=CombinatorialContracts.LowerBounds.StrategyObservation.reward; axioms=[propext,
 Quot.sound,
 Classical.choice]
origin=CombinatorialContracts.SupplyProgram; declaration=CombinatorialContracts.SupplyProgram.pure.inj; axioms=[propext,
 Classical.choice,
 Quot.sound]
origin=CombinatorialContracts.Algorithm; declaration=CombinatorialContracts.oracle_welfare_eq; axioms=[propext,
 Quot.sound,
 Classical.choice]
origin=CombinatorialContracts.FiniteEnvelope; declaration=CombinatorialContracts.FiniteEnvelope.exists_grid._proof_1_4; axioms=[propext,
 Quot.sound,
 Classical.choice]
origin=CombinatorialContracts.EqualRevenue; declaration=CombinatorialContracts.EqualRevenue.utility_later_lt_entry._proof_1_2; axioms=[propext,
 Quot.sound]
origin=CombinatorialContracts.ChainRealization; declaration=CombinatorialContracts.RealizedChain.principal_le_of_entry_le._proof_1_1; axioms=[propext,
 Quot.sound]
origin=CombinatorialContracts.OracleProgram; declaration=CombinatorialContracts.OracleProgram.ctorElimType; axioms=[propext,
 Classical.choice,
 Quot.sound]
origin=CombinatorialContracts.Model; declaration=CombinatorialContracts.supplyUtility.eq_1; axioms=[propext,
 Quot.sound,
 Classical.choice]
origin=CombinatorialContracts.SparseSupply; declaration=CombinatorialContracts.EqualRevenue.card_le_of_pairBound._proof_1_2; axioms=[propext,
 Quot.sound,
 Classical.choice]
origin=CombinatorialContracts.Tightness; declaration=CombinatorialContracts.Tightness.Singleton.sets.eq_1; axioms=[propext,
 Quot.sound]
origin=CombinatorialContracts.OracleProgram; declaration=CombinatorialContracts.QueryKind.noConfusionType; axioms=[]
origin=CombinatorialContracts.Tightness; declaration=CombinatorialContracts.Tightness.Bundle.A_nonempty; axioms=[propext,
 Quot.sound,
 Classical.choice]
origin=CombinatorialContracts.LowerBoundProgram; declaration=CombinatorialContracts.LowerBounds.compileSupplyProgram.eq_1; axioms=[propext,
 Classical.choice,
 Quot.sound]
origin=CombinatorialContracts.OracleProgram; declaration=CombinatorialContracts.OracleProgram.reward.elim; axioms=[propext,
 Classical.choice,
 Quot.sound]
origin=CombinatorialContracts.OracleIdentification; declaration=CombinatorialContracts.OracleIdentification.BatchProgram.callCost; axioms=[propext]
origin=CombinatorialContracts.Model; declaration=CombinatorialContracts.response_reward_mono; axioms=[propext,
 Quot.sound,
 Classical.choice]
origin=CombinatorialContracts.SupplyProgram; declaration=CombinatorialContracts.SupplyProgram.reward.injEq; axioms=[propext,
 Quot.sound,
 Classical.choice]
origin=CombinatorialContracts.SupplyProgram; declaration=CombinatorialContracts.SupplyProgram.cost.noConfusion; axioms=[propext,
 Quot.sound,
 Classical.choice]
origin=CombinatorialContracts.SharpSparseSupply; declaration=CombinatorialContracts.EqualRevenue.critical_gap_minimum._proof_1_3; axioms=[propext,
 Quot.sound]
origin=CombinatorialContracts.EndpointRegression; declaration=CombinatorialContracts.EndpointRegression.freeAction.eq_1; axioms=[propext,
 Quot.sound,
 Classical.choice]
origin=CombinatorialContracts.LowerBoundStrategy; declaration=CombinatorialContracts.LowerBounds.StrategyObservation.cost.sizeOf_spec; axioms=[propext,
 Quot.sound,
 Classical.choice]
origin=CombinatorialContracts.Algorithm; declaration=CombinatorialContracts.QueryRecord.utility; axioms=[propext,
 Classical.choice,
 Quot.sound]
origin=CombinatorialContracts.SparseSupply; declaration=_private.CombinatorialContracts.SparseSupply.0.CombinatorialContracts.EqualRevenue.binaryIndex_modEq_low._proof_1_2; axioms=[propext,
 Quot.sound]
origin=CombinatorialContracts.OracleIdentification; declaration=CombinatorialContracts.OracleIdentification.probeSum.eq_1; axioms=[propext,
 Quot.sound,
 Classical.choice]
origin=CombinatorialContracts.RobustOracleProgram; declaration=CombinatorialContracts.OracleProgram.evalIndexed; axioms=[propext,
 Classical.choice,
 Quot.sound]
origin=CombinatorialContracts.Robustness; declaration=CombinatorialContracts.robustAlgorithm.eq_1; axioms=[propext,
 Quot.sound,
 Classical.choice]
origin=CombinatorialContracts.SupplyProgram; declaration=CombinatorialContracts.SupplyProgram.brecOn; axioms=[propext,
 Classical.choice,
 Quot.sound]
origin=CombinatorialContracts.SupplySimulation; declaration=_private.CombinatorialContracts.SupplySimulation.0.CombinatorialContracts.LowerBounds.noncandidate_cost_eq; axioms=[propext,
 Classical.choice,
 Quot.sound]
origin=CombinatorialContracts.Tightness; declaration=CombinatorialContracts.Tightness.Singleton.choose_two_pos; axioms=[propext]
origin=CombinatorialContracts.EqualRevenue; declaration=CombinatorialContracts.EqualRevenue.utility_add_le._proof_1_2; axioms=[propext,
 Quot.sound]
origin=CombinatorialContracts.ChainRealization; declaration=CombinatorialContracts.RealizedChain._sizeOf_inst; axioms=[propext,
 Quot.sound,
 Classical.choice]
origin=CombinatorialContracts.Tightness; declaration=CombinatorialContracts.Tightness.Bundle.factor.congr_simp; axioms=[propext,
 Classical.choice,
 Quot.sound]
origin=CombinatorialContracts.LowerBoundStrategy; declaration=CombinatorialContracts.LowerBounds.StrategyAction.reward.injEq; axioms=[propext,
 Quot.sound,
 Classical.choice]
origin=CombinatorialContracts.OracleIdentification; declaration=CombinatorialContracts.OracleIdentification.correct.eq_1; axioms=[propext,
 Classical.choice,
 Quot.sound]
origin=CombinatorialContracts.Geometric; declaration=CombinatorialContracts.shifted_contract_valid._proof_1_1; axioms=[propext,
 Quot.sound]
origin=CombinatorialContracts.OracleIdentification; declaration=CombinatorialContracts.OracleIdentification.BatchProgram.compile.eq_2; axioms=[]
origin=CombinatorialContracts.Model; declaration=CombinatorialContracts.response_reward_unique; axioms=[propext,
 Quot.sound,
 Classical.choice]
origin=CombinatorialContracts.LowerBoundStrategy; declaration=CombinatorialContracts.LowerBounds.StrategyObservation.cost.elim; axioms=[propext,
 Classical.choice,
 Quot.sound]
origin=CombinatorialContracts.MainLowerBound; declaration=CombinatorialContracts.LowerBounds.theorem8_high_accuracy; axioms=[propext,
 Classical.choice,
 Quot.sound]
origin=CombinatorialContracts.OracleIdentification; declaration=CombinatorialContracts.OracleIdentification.PointProgram.pure.noConfusion; axioms=[]
origin=CombinatorialContracts.SupplyProgram; declaration=CombinatorialContracts.SupplyProgram.translate; axioms=[propext,
 Classical.choice,
 Quot.sound]
origin=CombinatorialContracts.LowerBoundProgram; declaration=CombinatorialContracts.LowerBounds.compileSupplyProgram._unsafe_rec; axioms=[propext,
 Classical.choice,
 Quot.sound]
origin=CombinatorialContracts.Model; declaration=CombinatorialContracts.Model.cost; axioms=[propext,
 Quot.sound,
 Classical.choice]
origin=CombinatorialContracts.Algorithm; declaration=CombinatorialContracts.mem_gridShares._simp_1_3; axioms=[propext,
 Quot.sound]
origin=CombinatorialContracts.FiniteEnvelope; declaration=CombinatorialContracts.FiniteEnvelope.mem_breakpoints_bounds._simp_1_2; axioms=[propext,
 Quot.sound]
origin=CombinatorialContracts.Algorithm; declaration=CombinatorialContracts.OracleRun.rewardQueries; axioms=[propext,
 Quot.sound,
 Classical.choice]
origin=CombinatorialContracts.Tightness; declaration=CombinatorialContracts.Tightness.Singleton.bestResponse_card_le_one; axioms=[propext,
 Classical.choice,
 Quot.sound]
origin=CombinatorialContracts.OracleProgram; declaration=CombinatorialContracts.OracleProgram.eval._sunfold; axioms=[propext,
 Classical.choice,
 Quot.sound]
origin=CombinatorialContracts.OracleProgram; declaration=CombinatorialContracts.OracleProgram.geometricProgram; axioms=[propext,
 Classical.choice,
 Quot.sound]
origin=CombinatorialContracts.Tightness; declaration=CombinatorialContracts.Tightness.Singleton.optimalValue_eq; axioms=[propext,
 Classical.choice,
 Quot.sound]
origin=CombinatorialContracts.OracleProgram; declaration=CombinatorialContracts.QueryKind.reward.sizeOf_spec; axioms=[]
origin=CombinatorialContracts.OracleIdentification; declaration=CombinatorialContracts.OracleIdentification.PointProgram.recOn; axioms=[]
origin=CombinatorialContracts.OracleProgram; declaration=CombinatorialContracts.OracleProgram.tableValues.eq_1; axioms=[propext,
 Quot.sound,
 Classical.choice]
origin=CombinatorialContracts.MainLowerBound; declaration=CombinatorialContracts.LowerBounds.theorem8_high_accuracy._proof_1_1; axioms=[propext,
 Quot.sound]
origin=CombinatorialContracts.LowerBounds; declaration=CombinatorialContracts.LowerBounds.perturbedCost_add_mono._proof_1_1; axioms=[propext,
 Quot.sound]
origin=CombinatorialContracts.MainLowerBound; declaration=CombinatorialContracts.LowerBounds.identificationProbes_le; axioms=[propext,
 Classical.choice,
 Quot.sound]
origin=CombinatorialContracts.OracleIdentification; declaration=CombinatorialContracts.OracleIdentification.successSum.eq_1; axioms=[propext,
 Quot.sound,
 Classical.choice]
origin=CombinatorialContracts.OracleProgram; declaration=CombinatorialContracts.OracleProgram.cachedTrace_counts; axioms=[propext,
 Quot.sound,
 Classical.choice]
origin=CombinatorialContracts.FiniteEnvelope; declaration=CombinatorialContracts.FiniteEnvelope.exists_grid._proof_1_10; axioms=[propext,
 Quot.sound,
 Classical.choice]
origin=CombinatorialContracts.OracleProgram; declaration=CombinatorialContracts.OracleProgram.cachedTrace.eq_1; axioms=[propext,
 Quot.sound,
 Classical.choice]
origin=CombinatorialContracts.FiniteEnvelope; declaration=CombinatorialContracts.FiniteEnvelope.exists_grid._proof_1_7; axioms=[propext,
 Quot.sound,
 Classical.choice]
origin=CombinatorialContracts.OracleIdentification; declaration=CombinatorialContracts.OracleIdentification.PointProgram.below; axioms=[]
origin=CombinatorialContracts.ChainRealization; declaration=CombinatorialContracts.RealizedChain; axioms=[propext,
 Quot.sound,
 Classical.choice]
origin=CombinatorialContracts.Tightness; declaration=CombinatorialContracts.Tightness.Bundle.realized._proof_1; axioms=[propext,
 Quot.sound,
 Classical.choice]
origin=CombinatorialContracts.Tightness; declaration=CombinatorialContracts.Tightness.Bundle.sets_zero; axioms=[propext,
 Quot.sound,
 Classical.choice]
origin=CombinatorialContracts.FiniteEnvelope; declaration=CombinatorialContracts.FiniteEnvelope.exists_grid._proof_1_6; axioms=[propext,
 Quot.sound,
 Classical.choice]
origin=CombinatorialContracts.OracleIdentification; declaration=CombinatorialContracts.OracleIdentification.successSum; axioms=[propext,
 Quot.sound,
 Classical.choice]
origin=CombinatorialContracts.OracleIdentification; declaration=CombinatorialContracts.OracleIdentification.BatchProgram.randomized_identification; axioms=[propext,
 Classical.choice,
 Quot.sound]
origin=CombinatorialContracts.Tightness; declaration=CombinatorialContracts.Tightness.Bundle.unique_optimal_pair._proof_1_1; axioms=[propext,
 Quot.sound]
origin=CombinatorialContracts.Tightness; declaration=CombinatorialContracts.Tightness.Singleton.rawCost_nonneg._proof_1_1; axioms=[propext,
 Quot.sound]
origin=CombinatorialContracts.LowerBoundProgram; declaration=CombinatorialContracts.LowerBounds.compiledPointProgram.eq_1; axioms=[propext,
 Classical.choice,
 Quot.sound]
origin=CombinatorialContracts.Welfare; declaration=CombinatorialContracts.empty_ground_zero; axioms=[propext,
 Quot.sound,
 Classical.choice]
origin=CombinatorialContracts.SharpSparseSupply; declaration=CombinatorialContracts.EqualRevenue.approxSupply_card_le_of_critical_gaps._proof_1_1; axioms=[propext,
 Quot.sound]
origin=CombinatorialContracts.SparseSupply; declaration=_private.CombinatorialContracts.SparseSupply.0.CombinatorialContracts.EqualRevenue.lowBits_extend_two._simp_1_2; axioms=[propext,
 Quot.sound]
origin=CombinatorialContracts.OracleIdentification; declaration=CombinatorialContracts.OracleIdentification.BatchProgram.result_map; axioms=[propext]
origin=CombinatorialContracts.EndpointRegression; declaration=CombinatorialContracts.EndpointRegression.freeAction._proof_6; axioms=[propext,
 Quot.sound,
 Classical.choice]
origin=CombinatorialContracts.Tightness; declaration=_private.CombinatorialContracts.Tightness.0.CombinatorialContracts.Tightness.Bundle.weight.match_1.eq_1; axioms=[]
origin=CombinatorialContracts.Model; declaration=CombinatorialContracts.response_best; axioms=[propext,
 Quot.sound,
 Classical.choice]
origin=CombinatorialContracts.LowerBounds; declaration=CombinatorialContracts.LowerBounds.hidden_profit._proof_1_1; axioms=[propext,
 Quot.sound]
origin=CombinatorialContracts.OracleIdentification; declaration=CombinatorialContracts.OracleIdentification.successSum_le_card; axioms=[propext,
 Quot.sound,
 Classical.choice]
origin=CombinatorialContracts.ChainRealization; declaration=CombinatorialContracts.RealizedChain.mk._flat_ctor; axioms=[propext,
 Quot.sound,
 Classical.choice]
origin=CombinatorialContracts.Algorithm; declaration=CombinatorialContracts.score_le_bestOf._simp_1_6; axioms=[propext]
origin=CombinatorialContracts.Algorithm; declaration=CombinatorialContracts.bestOf_mem._simp_1_4; axioms=[propext]
origin=CombinatorialContracts.LowerBounds; declaration=CombinatorialContracts.LowerBounds.decoding_unique; axioms=[propext,
 Classical.choice,
 Quot.sound]
origin=CombinatorialContracts.Tightness; declaration=CombinatorialContracts.Tightness.Bundle.weight.eq_2; axioms=[propext,
 Classical.choice,
 Quot.sound]
origin=CombinatorialContracts.LowerBoundStrategy; declaration=CombinatorialContracts.LowerBounds.StrategyObservation.noConfusionType; axioms=[propext,
 Classical.choice,
 Quot.sound]
origin=CombinatorialContracts.LowerBoundProgram; declaration=_private.CombinatorialContracts.LowerBoundProgram.0.CombinatorialContracts.LowerBounds.compileSupplyProgram.match_1.splitter; axioms=[propext,
 Classical.choice,
 Quot.sound]
origin=CombinatorialContracts.LowerBoundStrategy; declaration=CombinatorialContracts.LowerBounds.runStrategyFuel._unsafe_rec; axioms=[propext,
 Classical.choice,
 Quot.sound]
origin=CombinatorialContracts.Scaling; declaration=CombinatorialContracts.scaled_agentUtility; axioms=[propext,
 Quot.sound,
 Classical.choice]
origin=CombinatorialContracts.OracleIdentification; declaration=CombinatorialContracts.OracleIdentification.PointProgram.ask.injEq; axioms=[propext]
origin=CombinatorialContracts.Tightness; declaration=CombinatorialContracts.Tightness.Bundle.realized._proof_3; axioms=[propext,
 Classical.choice,
 Quot.sound]
origin=CombinatorialContracts.OracleProgram; declaration=CombinatorialContracts.OracleProgram.bind.eq_4; axioms=[propext,
 Classical.choice,
 Quot.sound]
origin=CombinatorialContracts.SupplySimulation; declaration=CombinatorialContracts.LowerBounds.supplyBatchHit.eq_1; axioms=[propext,
 Classical.choice,
 Quot.sound]
origin=CombinatorialContracts.LowerBounds; declaration=CombinatorialContracts.LowerBounds.chain._proof_2; axioms=[propext,
 Quot.sound]
origin=CombinatorialContracts.Geometric; declaration=CombinatorialContracts.robust_source_grid_cover._proof_1_1; axioms=[propext,
 Classical.choice,
 Quot.sound]
origin=CombinatorialContracts.Tightness; declaration=CombinatorialContracts.Tightness.additiveModel._proof_1; axioms=[propext,
 Classical.choice,
 Quot.sound]
origin=CombinatorialContracts.OracleIdentification; declaration=CombinatorialContracts.OracleIdentification.PointProgram.ask.sizeOf_spec; axioms=[]
origin=CombinatorialContracts.LowerBoundStrategy; declaration=_private.CombinatorialContracts.LowerBoundStrategy.0.CombinatorialContracts.LowerBounds.runStrategyFuel.match_3.eq_2; axioms=[propext,
 Classical.choice,
 Quot.sound]
origin=CombinatorialContracts.ChainEnvelope; declaration=CombinatorialContracts.LineChain.utility_step_nonpos._proof_1_1; axioms=[propext,
 Quot.sound]
origin=CombinatorialContracts.OracleIdentification; declaration=CombinatorialContracts.OracleIdentification.BatchProgram.callCost.congr_simp; axioms=[propext,
 Quot.sound]
origin=CombinatorialContracts.Algorithm; declaration=CombinatorialContracts.bestOf.eq_2; axioms=[propext,
 Classical.choice,
 Quot.sound]
origin=CombinatorialContracts.LowerBoundStrategy; declaration=CombinatorialContracts.LowerBounds.runStrategyFuel_add; axioms=[propext,
 Classical.choice,
 Quot.sound]
origin=CombinatorialContracts.ChainEnvelope; declaration=CombinatorialContracts.LineChain.utility_lt_at_entry_of_later._proof_1_1; axioms=[propext,
 Quot.sound]
origin=CombinatorialContracts.OracleProgram; declaration=CombinatorialContracts.OracleProgram.additiveProgram; axioms=[propext,
 Quot.sound,
 Classical.choice]
origin=CombinatorialContracts.Tightness; declaration=CombinatorialContracts.Tightness.Singleton.sets_succ; axioms=[propext,
 Quot.sound]
origin=CombinatorialContracts.Model; declaration=CombinatorialContracts.IsCostTieResponse; axioms=[propext,
 Quot.sound,
 Classical.choice]
origin=CombinatorialContracts.Tightness; declaration=CombinatorialContracts.Tightness.Bundle.cost_A; axioms=[propext,
 Classical.choice,
 Quot.sound]
origin=CombinatorialContracts.Tightness; declaration=CombinatorialContracts.Tightness.Singleton.realized._proof_14; axioms=[propext,
 Classical.choice,
 Quot.sound]
origin=CombinatorialContracts.LowerBounds; declaration=CombinatorialContracts.LowerBounds.optimalValue_eq_hidden._proof_1_1; axioms=[propext,
 Quot.sound]
origin=CombinatorialContracts.Geometric; declaration=CombinatorialContracts.shifted_contract_valid; axioms=[propext,
 Classical.choice,
 Quot.sound]
origin=CombinatorialContracts.LowerBoundProgram; declaration=_private.CombinatorialContracts.LowerBoundProgram.0.CombinatorialContracts.LowerBounds.compileSupplyProgram.match_1.eq_4; axioms=[propext,
 Classical.choice,
 Quot.sound]
origin=CombinatorialContracts.SupplyProgram; declaration=CombinatorialContracts.SupplyProgram.eval_algorithm; axioms=[propext,
 Quot.sound,
 Classical.choice]
origin=CombinatorialContracts.LowerBoundStrategy; declaration=CombinatorialContracts.LowerBounds.StrategyObservation.cost.inj; axioms=[propext,
 Quot.sound,
 Classical.choice]
origin=CombinatorialContracts.EqualRevenue; declaration=CombinatorialContracts.EqualRevenue.critical_isResponse._simp_1_2; axioms=[propext]
origin=CombinatorialContracts.EqualRevenue; declaration=CombinatorialContracts.EqualRevenue.utility_max_at; axioms=[propext,
 Classical.choice,
 Quot.sound]
origin=CombinatorialContracts.Algorithm; declaration=CombinatorialContracts.QueryRecord.query_reward; axioms=[propext,
 Classical.choice,
 Quot.sound]
origin=CombinatorialContracts.RobustOracleProgram; declaration=CombinatorialContracts.OracleProgram.evalIndexed.eq_2; axioms=[propext,
 Classical.choice,
 Quot.sound]
origin=CombinatorialContracts.Scaling; declaration=CombinatorialContracts.scaled_additive; axioms=[propext,
 Quot.sound,
 Classical.choice]
origin=CombinatorialContracts.SparseSupply; declaration=_private.CombinatorialContracts.SparseSupply.0.CombinatorialContracts.EqualRevenue.lowBits_antitone._proof_1_1; axioms=[propext,
 Quot.sound,
 Classical.choice]
origin=CombinatorialContracts.Tightness; declaration=CombinatorialContracts.Tightness.Bundle.optimalValue_eq._proof_1_2; axioms=[propext,
 Quot.sound]
origin=CombinatorialContracts.Tightness; declaration=CombinatorialContracts.Tightness.Bundle.reward_A; axioms=[propext,
 Classical.choice,
 Quot.sound]
origin=CombinatorialContracts.SupplyProgram; declaration=CombinatorialContracts.SupplyProgram.reward; axioms=[propext,
 Quot.sound,
 Classical.choice]
origin=CombinatorialContracts.LowerBounds; declaration=CombinatorialContracts.LowerBounds.perturbedIncrement_strictMono; axioms=[propext,
 Classical.choice,
 Quot.sound]
origin=CombinatorialContracts.Welfare; declaration=CombinatorialContracts.envelope_one; axioms=[propext,
 Quot.sound,
 Classical.choice]
origin=CombinatorialContracts.OracleIdentification; declaration=CombinatorialContracts.OracleIdentification.PointProgram.ctorElimType; axioms=[]
origin=CombinatorialContracts.SparseSupply; declaration=CombinatorialContracts.EqualRevenue.mem_approxSupply; axioms=[propext,
 Classical.choice,
 Quot.sound]
origin=CombinatorialContracts.Tightness; declaration=CombinatorialContracts.Tightness.Bundle.a_strictMono._simp_1_2; axioms=[propext]
origin=CombinatorialContracts.Tightness; declaration=CombinatorialContracts.Tightness.Singleton.entry_profit; axioms=[propext,
 Classical.choice,
 Quot.sound]
origin=CombinatorialContracts.OracleProgram; declaration=CombinatorialContracts.OracleProgram.readSingletons._sunfold; axioms=[propext,
 Classical.choice,
 Quot.sound]
origin=CombinatorialContracts.LowerBoundProgram; declaration=CombinatorialContracts.LowerBounds.supplyOracle_legal; axioms=[propext,
 Classical.choice,
 Quot.sound]
origin=CombinatorialContracts.Tightness; declaration=CombinatorialContracts.Tightness.Bundle.realized._proof_2; axioms=[propext,
 Classical.choice,
 Quot.sound]
origin=CombinatorialContracts.SupplySimulation; declaration=CombinatorialContracts.LowerBounds.chosenSupplyResponse; axioms=[propext,
 Quot.sound,
 Classical.choice]
origin=CombinatorialContracts.EqualRevenue; declaration=CombinatorialContracts.EqualRevenue.cost_add_mono._proof_1_1; axioms=[propext,
 Quot.sound]
origin=CombinatorialContracts.SparseSupply; declaration=CombinatorialContracts.EqualRevenue.approxSupply.eq_1; axioms=[propext,
 Classical.choice,
 Quot.sound]
origin=CombinatorialContracts.Tightness; declaration=CombinatorialContracts.Tightness.Singleton.cost_mono; axioms=[propext,
 Classical.choice,
 Quot.sound]
origin=CombinatorialContracts.SupplyProgram; declaration=CombinatorialContracts.SupplyProgram.cost.elim; axioms=[propext,
 Classical.choice,
 Quot.sound]
origin=CombinatorialContracts.OracleIdentification; declaration=CombinatorialContracts.OracleIdentification.pointBatch.eq_1; axioms=[]
origin=CombinatorialContracts.Geometric; declaration=CombinatorialContracts.robust_source_grid_cover; axioms=[propext,
 Classical.choice,
 Quot.sound]
origin=CombinatorialContracts.ChainEnvelope; declaration=CombinatorialContracts.LineChain.utility_le_at_entry._proof_1_8; axioms=[propext,
 Quot.sound]
origin=CombinatorialContracts.OracleProgram; declaration=CombinatorialContracts.OracleProgram.cachedGeometricProgram.eq_1; axioms=[propext,
 Quot.sound,
 Classical.choice]
origin=CombinatorialContracts.Tightness; declaration=CombinatorialContracts.Tightness.Singleton.entry_nonneg; axioms=[propext,
 Classical.choice,
 Quot.sound]
origin=CombinatorialContracts.ChainRealization; declaration=CombinatorialContracts.RealizedChain.chain; axioms=[propext,
 Quot.sound,
 Classical.choice]
origin=CombinatorialContracts.SparseSupply; declaration=_private.CombinatorialContracts.SparseSupply.0.CombinatorialContracts.EqualRevenue.encoding_injective_ordered._proof_1_1; axioms=[propext,
 Quot.sound,
 Classical.choice]
origin=CombinatorialContracts.SupplyProgram; declaration=CombinatorialContracts.SupplyProgram.noConfusion; axioms=[propext,
 Classical.choice,
 Quot.sound]
origin=CombinatorialContracts.OracleIdentification; declaration=CombinatorialContracts.OracleIdentification.BatchProgram.pure.elim; axioms=[]
origin=CombinatorialContracts.SparseSupply; declaration=_private.CombinatorialContracts.SparseSupply.0.CombinatorialContracts.EqualRevenue.bitAt; axioms=[propext,
 Quot.sound]
origin=CombinatorialContracts.EqualRevenue; declaration=CombinatorialContracts.EqualRevenue.largest_binary_weight_bounds; axioms=[propext,
 Quot.sound,
 Classical.choice]
origin=CombinatorialContracts.ChainEnvelope; declaration=CombinatorialContracts.LineChain.utility_le_at_entry._proof_1_11; axioms=[propext,
 Quot.sound]
origin=CombinatorialContracts.FiniteEnvelope; declaration=CombinatorialContracts.FiniteEnvelope.exists_grid._proof_1_5; axioms=[propext,
 Quot.sound,
 Classical.choice]
origin=CombinatorialContracts.Robustness; declaration=CombinatorialContracts.approximate_undershoot_payoff._simp_1_5; axioms=[propext]
origin=CombinatorialContracts.Model; declaration=CombinatorialContracts.optimum_mem; axioms=[propext,
 Quot.sound,
 Classical.choice]
origin=CombinatorialContracts.LowerBoundAsymptotics; declaration=CombinatorialContracts.eventually_exponential_supply_lower_bound_ennreal._proof_1_1; axioms=[propext,
 Quot.sound]
origin=CombinatorialContracts.Model; declaration=CombinatorialContracts.agentUtility_empty; axioms=[propext,
 Quot.sound,
 Classical.choice]
origin=CombinatorialContracts.RobustOracleProgram; declaration=CombinatorialContracts.OracleProgram.robustTrace; axioms=[propext,
 Quot.sound,
 Classical.choice]
origin=CombinatorialContracts.Tightness; declaration=CombinatorialContracts.Tightness.Bundle.realized._proof_11; axioms=[propext,
 Classical.choice,
 Quot.sound]
origin=CombinatorialContracts.LowerBounds; declaration=CombinatorialContracts.LowerBounds.entry.eq_1; axioms=[propext,
 Classical.choice,
 Quot.sound]
origin=CombinatorialContracts.SupplyProgram; declaration=CombinatorialContracts.SupplyProgram.pure.sizeOf_spec; axioms=[propext,
 Classical.choice,
 Quot.sound]
origin=CombinatorialContracts.SupplyProgram; declaration=CombinatorialContracts.SupplyProgram.eval_bind; axioms=[propext,
 Classical.choice,
 Quot.sound]
origin=CombinatorialContracts.SupplySimulation; declaration=CombinatorialContracts.LowerBounds.exists_supplyResponse; axioms=[propext,
 Quot.sound,
 Classical.choice]
origin=CombinatorialContracts.OracleIdentification; declaration=CombinatorialContracts.OracleIdentification.BatchProgram.expectedCost_supply; axioms=[propext,
 Quot.sound,
 Classical.choice]
origin=CombinatorialContracts.LowerBoundStrategy; declaration=CombinatorialContracts.LowerBounds.StrategyAction.halt.sizeOf_spec; axioms=[propext,
 Classical.choice,
 Quot.sound]
origin=CombinatorialContracts.OracleIdentification; declaration=CombinatorialContracts.OracleIdentification.BatchProgram.map.eq_2; axioms=[]
origin=CombinatorialContracts.SharpSparseSupply; declaration=CombinatorialContracts.EqualRevenue.critical_gap_minimum; axioms=[propext,
 Quot.sound,
 Classical.choice]
origin=CombinatorialContracts.LowerBounds; declaration=CombinatorialContracts.LowerBounds.instanceAt.eq_1; axioms=[propext,
 Quot.sound,
 Classical.choice]
origin=CombinatorialContracts.Model; declaration=CombinatorialContracts.Model.ctorIdx; axioms=[propext,
 Quot.sound,
 Classical.choice]
origin=CombinatorialContracts.LowerBoundStrategy; declaration=CombinatorialContracts.LowerBounds.StrategyAction.cost; axioms=[propext,
 Quot.sound,
 Classical.choice]
origin=CombinatorialContracts.Algorithm; declaration=CombinatorialContracts.mem_gridShares; axioms=[propext,
 Classical.choice,
 Quot.sound]
origin=CombinatorialContracts.SupplyProgram; declaration=CombinatorialContracts.SupplyProgram.translate._unsafe_rec; axioms=[propext,
 Classical.choice,
 Quot.sound]
origin=CombinatorialContracts.Tightness; declaration=CombinatorialContracts.Tightness.Singleton.realized._proof_9; axioms=[propext,
 Quot.sound]
origin=CombinatorialContracts.PaperScale; declaration=CombinatorialContracts.reward_anchored_scale_of_optimal_response; axioms=[propext,
 Quot.sound,
 Classical.choice]
origin=CombinatorialContracts.EqualRevenue; declaration=CombinatorialContracts.EqualRevenue.binary_cost_supermodular; axioms=[propext,
 Quot.sound,
 Classical.choice]
origin=CombinatorialContracts.Scaling; declaration=CombinatorialContracts.scaledModel; axioms=[propext,
 Quot.sound,
 Classical.choice]
origin=CombinatorialContracts.LowerBounds; declaration=CombinatorialContracts.LowerBounds.principal_le_hidden._proof_1_2; axioms=[propext,
 Classical.choice,
 Quot.sound]
origin=CombinatorialContracts.Model; declaration=CombinatorialContracts.principal_nonneg; axioms=[propext,
 Quot.sound,
 Classical.choice]
origin=CombinatorialContracts.OracleIdentification; declaration=CombinatorialContracts.OracleIdentification.pointBatch.match_1; axioms=[]
origin=CombinatorialContracts.OracleProgram; declaration=CombinatorialContracts.OracleProgram.geometricProgram.eq_1; axioms=[propext,
 Classical.choice,
 Quot.sound]
origin=CombinatorialContracts.Algorithm; declaration=CombinatorialContracts.QueryRecord.noConfusionType; axioms=[propext,
 Classical.choice,
 Quot.sound]
origin=CombinatorialContracts.OracleIdentification; declaration=CombinatorialContracts.OracleIdentification.BatchProgram.result; axioms=[propext]
origin=CombinatorialContracts.OracleProgram; declaration=_private.CombinatorialContracts.OracleProgram.0.CombinatorialContracts.OracleProgram.tableValues.match_1.eq_1; axioms=[]
origin=CombinatorialContracts.OracleProgram; declaration=CombinatorialContracts.QueryKind.ctorElimType; axioms=[]
origin=CombinatorialContracts.FiniteEnvelope; declaration=CombinatorialContracts.FiniteEnvelope.zero_mem_breakpoints; axioms=[propext,
 Quot.sound,
 Classical.choice]
origin=CombinatorialContracts.Robustness; declaration=CombinatorialContracts.gridShares_nonnegative; axioms=[propext,
 Classical.choice,
 Quot.sound]
origin=CombinatorialContracts.Scaling; declaration=CombinatorialContracts.scaled_bestResponse_iff; axioms=[propext,
 Quot.sound,
 Classical.choice]
origin=CombinatorialContracts.OracleProgram; declaration=CombinatorialContracts.OracleProgram.bind._sunfold; axioms=[propext,
 Classical.choice,
 Quot.sound]
origin=CombinatorialContracts.Algorithm; declaration=CombinatorialContracts.geometricRun_responseQueries_le; axioms=[propext,
 Classical.choice,
 Quot.sound]
origin=CombinatorialContracts.ChainEnvelope; declaration=CombinatorialContracts.LineChain.reward_mono; axioms=[propext,
 Classical.choice,
 Quot.sound]
origin=CombinatorialContracts.EqualRevenue; declaration=CombinatorialContracts.EqualRevenue.cost_mono; axioms=[propext,
 Classical.choice,
 Quot.sound]
origin=CombinatorialContracts.RobustOracleProgram; declaration=_private.CombinatorialContracts.RobustOracleProgram.0.CombinatorialContracts.OracleProgram.evalIndexed.match_1.eq_3; axioms=[propext,
 Classical.choice,
 Quot.sound]
origin=CombinatorialContracts.OracleProgram; declaration=CombinatorialContracts.OracleProgram.eval; axioms=[propext,
 Classical.choice,
 Quot.sound]
origin=CombinatorialContracts.ChainRealization; declaration=CombinatorialContracts.RealizedChain.mk.noConfusion; axioms=[propext,
 Quot.sound,
 Classical.choice]
origin=CombinatorialContracts.Algorithm; declaration=CombinatorialContracts.OracleRun.mk; axioms=[propext,
 Classical.choice,
 Quot.sound]
origin=CombinatorialContracts.OracleIdentification; declaration=CombinatorialContracts.OracleIdentification.PointProgram.result; axioms=[]
origin=CombinatorialContracts.Geometric; declaration=CombinatorialContracts.leastGridSteps_spec; axioms=[propext,
 Classical.choice,
 Quot.sound]
origin=CombinatorialContracts.ChainRealization; declaration=CombinatorialContracts.RealizedChain.mk.injEq; axioms=[propext,
 Quot.sound,
 Classical.choice]
origin=CombinatorialContracts.OracleProgram; declaration=CombinatorialContracts.instDecidableEqQueryKind; axioms=[]
origin=CombinatorialContracts.Tightness; declaration=CombinatorialContracts.Tightness.Bundle.model.eq_1; axioms=[propext,
 Classical.choice,
 Quot.sound]
origin=CombinatorialContracts.EqualRevenue; declaration=CombinatorialContracts.EqualRevenue.critical_succ; axioms=[propext,
 Classical.choice,
 Quot.sound]
origin=CombinatorialContracts.Algorithm; declaration=CombinatorialContracts.geometricRun; axioms=[propext,
 Classical.choice,
 Quot.sound]
origin=CombinatorialContracts.Tightness; declaration=CombinatorialContracts.Tightness.Singleton.cost_singleton; axioms=[propext,
 Classical.choice,
 Quot.sound]
origin=CombinatorialContracts.Tightness; declaration=CombinatorialContracts.Tightness.Bundle.chain._simp_9; axioms=[propext]
origin=CombinatorialContracts.SupplyProgram; declaration=CombinatorialContracts.SupplyProgram._sizeOf_1; axioms=[propext,
 Classical.choice,
 Quot.sound]
origin=CombinatorialContracts.LowerBounds; declaration=CombinatorialContracts.LowerBounds.chain._proof_4; axioms=[propext,
 Classical.choice,
 Quot.sound]
origin=CombinatorialContracts.LowerBounds; declaration=CombinatorialContracts.LowerBounds.hidden_isResponse; axioms=[propext,
 Quot.sound,
 Classical.choice]
origin=CombinatorialContracts.OracleIdentification; declaration=_private.CombinatorialContracts.OracleIdentification.0.CombinatorialContracts.OracleIdentification.pointBatch.match_1.splitter; axioms=[]
origin=CombinatorialContracts.Algorithm; declaration=CombinatorialContracts.mem_gridShares._simp_1_4; axioms=[propext,
 Quot.sound]
origin=CombinatorialContracts.OracleIdentification; declaration=CombinatorialContracts.OracleIdentification.PointProgram.noConfusion; axioms=[]
origin=CombinatorialContracts.MainLowerBound; declaration=_private.CombinatorialContracts.MainLowerBound.0.CombinatorialContracts.LowerBounds.exponential_bound_ennreal_of_score; axioms=[propext,
 Classical.choice,
 Quot.sound]
origin=CombinatorialContracts.LowerBounds; declaration=CombinatorialContracts.LowerBounds.perturbedIncrement_nonneg._proof_1_2; axioms=[propext,
 Quot.sound]
origin=CombinatorialContracts.SupplyProgram; declaration=CombinatorialContracts.SupplyProgram.bind.eq_1; axioms=[propext,
 Classical.choice,
 Quot.sound]
origin=CombinatorialContracts.SupplyProgram; declaration=CombinatorialContracts.SupplyProgram.supply.sizeOf_spec; axioms=[propext,
 Classical.choice,
 Quot.sound]
origin=CombinatorialContracts.OracleIdentification; declaration=CombinatorialContracts.OracleIdentification.PointProgram.ctorElim; axioms=[]
origin=CombinatorialContracts.LowerBounds; declaration=CombinatorialContracts.LowerBounds.hidden_response_index; axioms=[propext,
 Quot.sound,
 Classical.choice]
origin=CombinatorialContracts.Model; declaration=CombinatorialContracts.welfare_eq_agentUtility; axioms=[propext,
 Quot.sound,
 Classical.choice]
origin=CombinatorialContracts.OracleProgram; declaration=CombinatorialContracts.OracleProgram.response.elim; axioms=[propext,
 Classical.choice,
 Quot.sound]
origin=CombinatorialContracts.LowerBounds; declaration=CombinatorialContracts.LowerBounds.decoding_unique._proof_1_3; axioms=[propext,
 Quot.sound]
origin=CombinatorialContracts.OracleIdentification; declaration=_private.CombinatorialContracts.OracleIdentification.0.CombinatorialContracts.OracleIdentification.successSum_ask_of_mem; axioms=[propext,
 Quot.sound,
 Classical.choice]
origin=CombinatorialContracts.LowerBoundStrategy; declaration=_private.CombinatorialContracts.LowerBoundStrategy.0.CombinatorialContracts.LowerBounds.runStrategyFuel.match_3.eq_1; axioms=[propext,
 Classical.choice,
 Quot.sound]
origin=CombinatorialContracts.Algorithm; declaration=CombinatorialContracts.OracleRun.rec; axioms=[propext,
 Classical.choice,
 Quot.sound]
origin=CombinatorialContracts.LowerBoundStrategy; declaration=CombinatorialContracts.LowerBounds.StrategyObservation.rec; axioms=[propext,
 Classical.choice,
 Quot.sound]
origin=CombinatorialContracts.OracleIdentification; declaration=CombinatorialContracts.OracleIdentification.BatchProgram.finite_randomized_supply_identification; axioms=[propext,
 Quot.sound,
 Classical.choice]
origin=CombinatorialContracts.ChainRealization; declaration=CombinatorialContracts.RealizedChain.principal_entry; axioms=[propext,
 Quot.sound,
 Classical.choice]
origin=CombinatorialContracts.SupplyProgram; declaration=_private.CombinatorialContracts.SupplyProgram.0.CombinatorialContracts.SupplyProgram.bind.match_1.splitter; axioms=[propext,
 Classical.choice,
 Quot.sound]
origin=CombinatorialContracts.Tightness; declaration=_private.CombinatorialContracts.Tightness.0.CombinatorialContracts.Tightness.Bundle.weight.match_1.splitter; axioms=[]
origin=CombinatorialContracts.OracleProgram; declaration=CombinatorialContracts.OracleProgram.queryRecords.eq_1; axioms=[propext,
 Classical.choice,
 Quot.sound]
origin=CombinatorialContracts.EqualRevenue; declaration=CombinatorialContracts.EqualRevenue.principal_le_one._proof_1_1; axioms=[propext,
 Classical.choice,
 Quot.sound]
origin=CombinatorialContracts.Algorithm; declaration=CombinatorialContracts.QueryRecord.rec; axioms=[propext,
 Classical.choice,
 Quot.sound]
origin=CombinatorialContracts.Algorithm; declaration=CombinatorialContracts.algorithm1_approx_of_scale._simp_1_6; axioms=[propext,
 Quot.sound]
origin=CombinatorialContracts.Tightness; declaration=CombinatorialContracts.Tightness.Singleton.entry_profit._simp_1_4; axioms=[propext]
origin=CombinatorialContracts.Algorithm; declaration=CombinatorialContracts.QueryRecord.query.eq_1; axioms=[propext,
 Classical.choice,
 Quot.sound]
origin=CombinatorialContracts.LowerBounds; declaration=CombinatorialContracts.LowerBounds.chain._proof_5; axioms=[propext,
 Classical.choice,
 Quot.sound]
origin=CombinatorialContracts.SparseSupply; declaration=_private.CombinatorialContracts.SparseSupply.0.CombinatorialContracts.EqualRevenue.rightEnd.eq_1; axioms=[propext,
 Quot.sound,
 Classical.choice]
origin=CombinatorialContracts.RobustOracleProgram; declaration=CombinatorialContracts.OracleProgram.evalIndexed._unsafe_rec; axioms=[propext,
 Classical.choice,
 Quot.sound]
origin=CombinatorialContracts.OracleIdentification; declaration=CombinatorialContracts.OracleIdentification.BatchProgram.brecOn; axioms=[]
origin=CombinatorialContracts.OracleProgram; declaration=CombinatorialContracts.OracleProgram.readTable; axioms=[propext,
 Classical.choice,
 Quot.sound]
origin=CombinatorialContracts.OracleIdentification; declaration=CombinatorialContracts.OracleIdentification.BatchProgram.map._sunfold; axioms=[]
origin=CombinatorialContracts.SupplySimulation; declaration=CombinatorialContracts.LowerBounds.supplyUtility_perturbed_bounds; axioms=[propext,
 Classical.choice,
 Quot.sound]
origin=CombinatorialContracts.OracleIdentification; declaration=CombinatorialContracts.OracleIdentification.BatchProgram.successProbability.congr_simp; axioms=[propext,
 Quot.sound,
 Classical.choice]
origin=CombinatorialContracts.Model; declaration=CombinatorialContracts.tied_cost_le_iff_reward_le; axioms=[propext,
 Quot.sound,
 Classical.choice]
origin=CombinatorialContracts.SharpSparseSupply; declaration=CombinatorialContracts.EqualRevenue.approxSupply_card_le_source; axioms=[propext,
 Classical.choice,
 Quot.sound]
origin=CombinatorialContracts.OracleIdentification; declaration=CombinatorialContracts.OracleIdentification.PointProgram.result.eq_2; axioms=[]
origin=CombinatorialContracts.OracleProgram; declaration=CombinatorialContracts.QueryKind.response.sizeOf_spec; axioms=[]
origin=CombinatorialContracts.LowerBoundProgram; declaration=_private.CombinatorialContracts.LowerBoundProgram.0.CombinatorialContracts.LowerBounds.compileSupplyProgram.match_1.eq_3; axioms=[propext,
 Classical.choice,
 Quot.sound]
origin=CombinatorialContracts.FiniteEnvelope; declaration=CombinatorialContracts.FiniteEnvelope.exists_grid._simp_1_2; axioms=[propext,
 Quot.sound]
origin=CombinatorialContracts.LowerBounds; declaration=CombinatorialContracts.LowerBounds.model._proof_3; axioms=[propext,
 Quot.sound]
origin=CombinatorialContracts.Algorithm; declaration=CombinatorialContracts.OracleRun.output.eq_1; axioms=[propext,
 Classical.choice,
 Quot.sound]
origin=CombinatorialContracts.Model; declaration=CombinatorialContracts.welfare.eq_1; axioms=[propext,
 Quot.sound,
 Classical.choice]
origin=CombinatorialContracts.OracleProgram; declaration=CombinatorialContracts.QueryKind._sizeOf_1; axioms=[]
origin=CombinatorialContracts.EqualRevenue; declaration=CombinatorialContracts.EqualRevenue.binaryIndex_injective._simp_1_2; axioms=[propext,
 Quot.sound]
origin=CombinatorialContracts.Tightness; declaration=CombinatorialContracts.Tightness.Singleton.entry_zero; axioms=[propext,
 Classical.choice,
 Quot.sound]
origin=CombinatorialContracts.EqualRevenue; declaration=CombinatorialContracts.EqualRevenue.utility_add_le._proof_1_1; axioms=[propext,
 Quot.sound]
origin=CombinatorialContracts.OracleProgram; declaration=CombinatorialContracts.OracleProgram.eval_geometricProgram; axioms=[propext,
 Classical.choice,
 Quot.sound]
origin=CombinatorialContracts.EqualRevenue; declaration=CombinatorialContracts.EqualRevenue.increment_lt_one; axioms=[propext,
 Classical.choice,
 Quot.sound]
origin=CombinatorialContracts.LowerBoundProgram; declaration=CombinatorialContracts.LowerBounds.batchCandidates.match_1; axioms=[propext,
 Classical.choice,
 Quot.sound]
origin=CombinatorialContracts.Model; declaration=CombinatorialContracts.response; axioms=[propext,
 Quot.sound,
 Classical.choice]
origin=CombinatorialContracts.ChainEnvelope; declaration=CombinatorialContracts.LineChain.utility; axioms=[propext,
 Classical.choice,
 Quot.sound]
origin=CombinatorialContracts.Tightness; declaration=CombinatorialContracts.Tightness.Bundle.sets.eq_1; axioms=[propext,
 Quot.sound,
 Classical.choice]
origin=CombinatorialContracts.Tightness; declaration=CombinatorialContracts.Tightness.Bundle.D_step; axioms=[propext,
 Classical.choice,
 Quot.sound]
origin=CombinatorialContracts.Tightness; declaration=CombinatorialContracts.Tightness.Bundle.cost_nonneg; axioms=[propext,
 Classical.choice,
 Quot.sound]
origin=CombinatorialContracts.Algorithm; declaration=CombinatorialContracts.algorithm1_empty_ground_set; axioms=[propext,
 Quot.sound,
 Classical.choice]
origin=CombinatorialContracts.SharpSparseSupply; declaration=CombinatorialContracts.EqualRevenue.approxSupply_card_le_sharp; axioms=[propext,
 Classical.choice,
 Quot.sound]
origin=CombinatorialContracts.Algorithm; declaration=CombinatorialContracts.algorithm1_approx_of_scale; axioms=[propext,
 Quot.sound,
 Classical.choice]
origin=CombinatorialContracts.SparseSupply; declaration=_private.CombinatorialContracts.SparseSupply.0.CombinatorialContracts.EqualRevenue.encoding_injective_ordered._proof_1_3; axioms=[propext,
 Quot.sound,
 Classical.choice]
origin=CombinatorialContracts.OracleIdentification; declaration=CombinatorialContracts.OracleIdentification.BatchProgram.successProbability.eq_1; axioms=[propext,
 Quot.sound,
 Classical.choice]
origin=CombinatorialContracts.EndpointRegression; declaration=CombinatorialContracts.EndpointRegression.empty_ground_principal; axioms=[propext,
 Quot.sound,
 Classical.choice]
origin=CombinatorialContracts.Tightness; declaration=CombinatorialContracts.Tightness.Singleton.entry_profit._simp_1_2; axioms=[propext]
origin=CombinatorialContracts.LowerBounds; declaration=CombinatorialContracts.LowerBounds.model.eq_1; axioms=[propext,
 Quot.sound,
 Classical.choice]
origin=CombinatorialContracts.LowerBoundStrategy; declaration=CombinatorialContracts.LowerBounds.finiteStrategyProgram; axioms=[propext,
 Classical.choice,
 Quot.sound]
origin=CombinatorialContracts.OracleIdentification; declaration=CombinatorialContracts.OracleIdentification.BatchProgram.expectedCost_add; axioms=[propext,
 Quot.sound,
 Classical.choice]
origin=CombinatorialContracts.Tightness; declaration=CombinatorialContracts.Tightness.Bundle.localization_ratio; axioms=[propext,
 Classical.choice,
 Quot.sound]
origin=CombinatorialContracts.EqualRevenue; declaration=CombinatorialContracts.EqualRevenue.binaryIndex_lt._proof_1_1; axioms=[propext,
 Quot.sound]
origin=CombinatorialContracts.SupplyProgram; declaration=CombinatorialContracts.SupplyProgram.translate.eq_3; axioms=[propext,
 Classical.choice,
 Quot.sound]
origin=CombinatorialContracts.Tightness; declaration=CombinatorialContracts.Tightness.Singleton.Z_pos; axioms=[propext,
 Classical.choice,
 Quot.sound]
origin=CombinatorialContracts.Tightness; declaration=_private.CombinatorialContracts.Tightness.0.CombinatorialContracts.Tightness.Bundle.weight.match_1.eq_2; axioms=[]
origin=CombinatorialContracts.LowerBounds; declaration=CombinatorialContracts.LowerBounds.hidden_profit; axioms=[propext,
 Classical.choice,
 Quot.sound]
origin=CombinatorialContracts.Welfare; declaration=CombinatorialContracts.envelope_eq_agentUtility; axioms=[propext,
 Quot.sound,
 Classical.choice]
origin=CombinatorialContracts.OracleProgram; declaration=CombinatorialContracts.OracleProgram.pure; axioms=[propext,
 Classical.choice,
 Quot.sound]
origin=CombinatorialContracts.OracleProgram; declaration=CombinatorialContracts.OracleProgram; axioms=[propext,
 Classical.choice,
 Quot.sound]
origin=CombinatorialContracts.LowerBounds; declaration=CombinatorialContracts.LowerBounds.model_cost_supermodular; axioms=[propext,
 Quot.sound,
 Classical.choice]
origin=CombinatorialContracts.SparseSupply; declaration=CombinatorialContracts.EqualRevenue.approxSupply_card_explicit._proof_1_2; axioms=[propext,
 Quot.sound]
origin=CombinatorialContracts.LowerBounds; declaration=CombinatorialContracts.LowerBounds.entry_hidden; axioms=[propext,
 Classical.choice,
 Quot.sound]
origin=CombinatorialContracts.Welfare; declaration=CombinatorialContracts.welfare_profit_comparison; axioms=[propext,
 Quot.sound,
 Classical.choice]
origin=CombinatorialContracts.SupplySimulation; declaration=_private.CombinatorialContracts.SupplySimulation.0.CombinatorialContracts.LowerBounds.supplyAnswer.match_1.splitter; axioms=[]
origin=CombinatorialContracts.Model; declaration=CombinatorialContracts.Model.reward_mono; axioms=[propext,
 Quot.sound,
 Classical.choice]
origin=CombinatorialContracts.LowerBounds; declaration=CombinatorialContracts.LowerBounds.model._proof_4; axioms=[propext,
 Quot.sound]
origin=CombinatorialContracts.Model; declaration=CombinatorialContracts.IsBestResponse.eq_1; axioms=[propext,
 Quot.sound,
 Classical.choice]
origin=CombinatorialContracts.OracleIdentification; declaration=CombinatorialContracts.OracleIdentification.PointProgram.bind._sunfold; axioms=[]
origin=CombinatorialContracts.Tightness; declaration=CombinatorialContracts.Tightness.Bundle.R_succ; axioms=[propext,
 Classical.choice,
 Quot.sound]
origin=CombinatorialContracts.LowerBoundProgram; declaration=CombinatorialContracts.LowerBounds.supplyOracle.eq_1; axioms=[propext,
 Classical.choice,
 Quot.sound]
origin=CombinatorialContracts.Tightness; declaration=CombinatorialContracts.Tightness.Bundle.principal_at_optimal._proof_1_1; axioms=[propext,
 Quot.sound]
origin=CombinatorialContracts.Tightness; declaration=CombinatorialContracts.Tightness.Singleton.value_pos; axioms=[propext,
 Classical.choice,
 Quot.sound]
origin=CombinatorialContracts.LowerBoundAsymptotics; declaration=CombinatorialContracts.eventually_exponential_supply_lower_bound_ennreal; axioms=[propext,
 Classical.choice,
 Quot.sound]
origin=CombinatorialContracts.ChainEnvelope; declaration=CombinatorialContracts.LineChain._sizeOf_1; axioms=[propext,
 Classical.choice,
 Quot.sound]
origin=CombinatorialContracts.FiniteEnvelope; declaration=CombinatorialContracts.FiniteEnvelope.envelope; axioms=[propext,
 Quot.sound,
 Classical.choice]
origin=CombinatorialContracts.LowerBounds; declaration=CombinatorialContracts.LowerBounds.unique_optimal_contract._proof_1_2; axioms=[propext,
 Quot.sound]
origin=CombinatorialContracts.SupplyProgram; declaration=CombinatorialContracts.SupplyProgram.bind.eq_3; axioms=[propext,
 Classical.choice,
 Quot.sound]
origin=CombinatorialContracts.SupplyProgram; declaration=_private.CombinatorialContracts.SupplyProgram.0.CombinatorialContracts.SupplyProgram.eval.match_1.eq_2; axioms=[propext,
 Classical.choice,
 Quot.sound]
origin=CombinatorialContracts.OracleProgram; declaration=_private.CombinatorialContracts.OracleProgram.0.CombinatorialContracts.OracleProgram.readSingletons.match_1.splitter; axioms=[]
origin=CombinatorialContracts.LowerBoundStrategy; declaration=CombinatorialContracts.LowerBounds.StrategyObservation.ctorElimType; axioms=[propext,
 Classical.choice,
 Quot.sound]
origin=CombinatorialContracts.SupplyProgram; declaration=CombinatorialContracts.SupplyProgram.translate.eq_4; axioms=[propext,
 Classical.choice,
 Quot.sound]
origin=CombinatorialContracts.ChainEnvelope; declaration=CombinatorialContracts.LineChain.mk._flat_ctor; axioms=[propext,
 Classical.choice,
 Quot.sound]
origin=CombinatorialContracts.OracleIdentification; declaration=CombinatorialContracts.OracleIdentification.BatchProgram.ctorIdx; axioms=[]
origin=CombinatorialContracts.MainLowerBound; declaration=CombinatorialContracts.LowerBounds.exists_hidden_expected_supply_ge_average_ennreal; axioms=[propext,
 Classical.choice,
 Quot.sound]
origin=CombinatorialContracts.OracleIdentification; declaration=CombinatorialContracts.OracleIdentification.BatchProgram.compile._sunfold; axioms=[]
origin=CombinatorialContracts.OracleIdentification; declaration=CombinatorialContracts.OracleIdentification.PointProgram.probes.eq_2; axioms=[]
origin=CombinatorialContracts.OracleProgram; declaration=CombinatorialContracts.OracleProgram.noConfusion; axioms=[propext,
 Classical.choice,
 Quot.sound]
origin=CombinatorialContracts.EqualRevenue; declaration=CombinatorialContracts.EqualRevenue.critical_max; axioms=[propext,
 Classical.choice,
 Quot.sound]
origin=CombinatorialContracts.FiniteEnvelope; declaration=CombinatorialContracts.FiniteEnvelope.exists_grid; axioms=[propext,
 Quot.sound,
 Classical.choice]
origin=CombinatorialContracts.Model; declaration=CombinatorialContracts.cost_sub_eq_share_mul_reward_sub; axioms=[propext,
 Quot.sound,
 Classical.choice]
origin=CombinatorialContracts.FiniteEnvelope; declaration=CombinatorialContracts.FiniteEnvelope.exists_grid._proof_1_3; axioms=[propext,
 Quot.sound,
 Classical.choice]
origin=CombinatorialContracts.FiniteEnvelope; declaration=CombinatorialContracts.FiniteEnvelope.line; axioms=[propext,
 Classical.choice,
 Quot.sound]
origin=CombinatorialContracts.Tightness; declaration=CombinatorialContracts.Tightness.Bundle.weight; axioms=[propext,
 Classical.choice,
 Quot.sound]
origin=CombinatorialContracts.OracleIdentification; declaration=CombinatorialContracts.OracleIdentification.BatchProgram.randomized_supply_identification; axioms=[propext,
 Classical.choice,
 Quot.sound]
origin=CombinatorialContracts.LowerBoundStrategy; declaration=CombinatorialContracts.LowerBounds.StrategyAction; axioms=[propext,
 Classical.choice,
 Quot.sound]
origin=CombinatorialContracts.Algorithm; declaration=CombinatorialContracts.QueryRecord._sizeOf_inst; axioms=[propext,
 Classical.choice,
 Quot.sound]
origin=CombinatorialContracts.ChainRealization; declaration=CombinatorialContracts.RealizedChain.isResponse_at_entry; axioms=[propext,
 Quot.sound,
 Classical.choice]
origin=CombinatorialContracts.LowerBoundProgram; declaration=CombinatorialContracts.LowerBounds.compiledPointProgram_probes_le; axioms=[propext,
 Classical.choice,
 Quot.sound]
origin=CombinatorialContracts.Scaling; declaration=CombinatorialContracts.scaledModel._proof_3; axioms=[propext,
 Quot.sound,
 Classical.choice]
origin=CombinatorialContracts.EqualRevenue; declaration=CombinatorialContracts.EqualRevenue.harmonic_add._proof_1_1; axioms=[propext,
 Quot.sound]
origin=CombinatorialContracts.OracleProgram; declaration=CombinatorialContracts.OracleProgram.eval_readSingletons; axioms=[propext,
 Classical.choice,
 Quot.sound]
origin=CombinatorialContracts.ChainRealization; declaration=CombinatorialContracts.RealizedChain._sizeOf_1; axioms=[propext,
 Quot.sound,
 Classical.choice]
origin=CombinatorialContracts.FiniteEnvelope; declaration=CombinatorialContracts.FiniteEnvelope.one_mem_breakpoints; axioms=[propext,
 Quot.sound,
 Classical.choice]
origin=CombinatorialContracts.OracleProgram; declaration=_private.CombinatorialContracts.OracleProgram.0.CombinatorialContracts.OracleProgram.readSingletons.match_1.eq_2; axioms=[]
origin=CombinatorialContracts.EqualRevenue; declaration=CombinatorialContracts.EqualRevenue.critical_response_index; axioms=[propext,
 Quot.sound,
 Classical.choice]
origin=CombinatorialContracts.LowerBounds; declaration=CombinatorialContracts.LowerBounds.hidden_models_distinct; axioms=[propext,
 Quot.sound,
 Classical.choice]
origin=CombinatorialContracts.OracleIdentification; declaration=CombinatorialContracts.OracleIdentification.BatchProgram.noConfusion; axioms=[]
origin=CombinatorialContracts.SupplyProgram; declaration=_private.CombinatorialContracts.SupplyProgram.0.CombinatorialContracts.SupplyProgram.bind.match_1.eq_1; axioms=[propext,
 Classical.choice,
 Quot.sound]
origin=CombinatorialContracts.Tightness; declaration=CombinatorialContracts.Tightness.Bundle.normalized_additive; axioms=[propext,
 Classical.choice,
 Quot.sound]
origin=CombinatorialContracts.LowerBoundProgram; declaration=CombinatorialContracts.LowerBounds.batchWeight.eq_1; axioms=[propext,
 Classical.choice,
 Quot.sound]
origin=CombinatorialContracts.SupplyProgram; declaration=CombinatorialContracts.SupplyProgram.pure; axioms=[propext,
 Classical.choice,
 Quot.sound]
origin=CombinatorialContracts.EqualRevenue; declaration=CombinatorialContracts.EqualRevenue.model_reward; axioms=[propext,
 Quot.sound,
 Classical.choice]
origin=CombinatorialContracts.EqualRevenue; declaration=CombinatorialContracts.EqualRevenue.proposition10; axioms=[propext,
 Classical.choice,
 Quot.sound]
origin=CombinatorialContracts.MainLowerBound; declaration=CombinatorialContracts.LowerBounds.corollary3_exact_lower_bound._proof_1_1; axioms=[propext,
 Quot.sound]
origin=CombinatorialContracts.ChainEnvelope; declaration=CombinatorialContracts.LineChain.utility_le_at_entry._proof_1_4; axioms=[propext,
 Quot.sound]
origin=CombinatorialContracts.OracleProgram; declaration=CombinatorialContracts.OracleProgram.readSingletons.eq_1; axioms=[propext,
 Classical.choice,
 Quot.sound]
origin=CombinatorialContracts.Tightness; declaration=CombinatorialContracts.Tightness.Bundle.model._proof_1; axioms=[propext,
 Classical.choice,
 Quot.sound]
origin=CombinatorialContracts.ChainRealization; declaration=CombinatorialContracts.RealizedChain.excluded_utility_neg; axioms=[propext,
 Quot.sound,
 Classical.choice]
origin=CombinatorialContracts.OracleProgram; declaration=CombinatorialContracts.OracleProgram.cachedTrace.congr_simp; axioms=[propext,
 Quot.sound,
 Classical.choice]
origin=CombinatorialContracts.OracleProgram; declaration=CombinatorialContracts.OracleProgram.bind; axioms=[propext,
 Classical.choice,
 Quot.sound]
origin=CombinatorialContracts.Algorithm; declaration=CombinatorialContracts.OracleRun.recOn; axioms=[propext,
 Classical.choice,
 Quot.sound]
origin=CombinatorialContracts.OracleIdentification; declaration=CombinatorialContracts.OracleIdentification.PointProgram.bind.eq_2; axioms=[]
origin=CombinatorialContracts.LowerBoundStrategy; declaration=CombinatorialContracts.LowerBounds.StrategyAction.reward.sizeOf_spec; axioms=[propext,
 Quot.sound,
 Classical.choice]
origin=CombinatorialContracts.PaperStatements; declaration=CombinatorialContracts.Paper.theorem1; axioms=[propext,
 Quot.sound,
 Classical.choice]
origin=CombinatorialContracts.SupplyProgram; declaration=CombinatorialContracts.SupplyProgram._sizeOf_inst; axioms=[propext,
 Classical.choice,
 Quot.sound]
origin=CombinatorialContracts.Model; declaration=CombinatorialContracts.IsCostTieResponse.eq_1; axioms=[propext,
 Quot.sound,
 Classical.choice]
origin=CombinatorialContracts.ChainRealization; declaration=CombinatorialContracts.RealizedChain.cost_eq; axioms=[propext,
 Quot.sound,
 Classical.choice]
origin=CombinatorialContracts.OracleProgram; declaration=CombinatorialContracts.OracleProgram.eval_readTable; axioms=[propext,
 Classical.choice,
 Quot.sound]
origin=CombinatorialContracts.EndpointRegression; declaration=CombinatorialContracts.EndpointRegression.freeAction._proof_5; axioms=[propext,
 Quot.sound,
 Classical.choice]
origin=CombinatorialContracts.Tightness; declaration=CombinatorialContracts.Tightness.Bundle.chain._proof_5; axioms=[propext,
 Classical.choice,
 Quot.sound]
origin=CombinatorialContracts.SupplyProgram; declaration=CombinatorialContracts.SupplyProgram.ctorElim; axioms=[propext,
 Classical.choice,
 Quot.sound]
origin=CombinatorialContracts.OracleIdentification; declaration=CombinatorialContracts.OracleIdentification.successSum.congr_simp; axioms=[propext,
 Quot.sound,
 Classical.choice]
origin=CombinatorialContracts.SupplyProgram; declaration=CombinatorialContracts.SupplyProgram.algorithm_approximation; axioms=[propext,
 Quot.sound,
 Classical.choice]
origin=CombinatorialContracts.LowerBounds; declaration=CombinatorialContracts.LowerBounds.hiddenIndices_card._proof_1_2; axioms=[propext,
 Quot.sound]
origin=CombinatorialContracts.OracleProgram; declaration=CombinatorialContracts.OracleProgram.eval.eq_3; axioms=[propext,
 Classical.choice,
 Quot.sound]
origin=CombinatorialContracts.SupplyProgram; declaration=CombinatorialContracts.SupplyProgram.eval.match_1; axioms=[propext,
 Classical.choice,
 Quot.sound]
origin=CombinatorialContracts.MainLowerBound; declaration=CombinatorialContracts.LowerBounds.approximation_le_identification; axioms=[propext,
 Classical.choice,
 Quot.sound]
origin=CombinatorialContracts.MainLowerBound; declaration=CombinatorialContracts.LowerBounds.hiddenMean; axioms=[propext,
 Classical.choice,
 Quot.sound]
origin=CombinatorialContracts.EqualRevenue; declaration=CombinatorialContracts.EqualRevenue.increment_gap._proof_1_2; axioms=[propext,
 Quot.sound]
origin=CombinatorialContracts.OracleIdentification; declaration=CombinatorialContracts.OracleIdentification.BatchProgram.callCost_add._proof_1_5; axioms=[propext,
 Quot.sound]
origin=CombinatorialContracts.SupplyProgram; declaration=_private.CombinatorialContracts.SupplyProgram.0.CombinatorialContracts.SupplyProgram.bind.match_1.eq_2; axioms=[propext,
 Classical.choice,
 Quot.sound]
origin=CombinatorialContracts.Tightness; declaration=CombinatorialContracts.Tightness.Bundle.model._proof_2; axioms=[propext,
 Classical.choice,
 Quot.sound]
origin=CombinatorialContracts.Robustness; declaration=CombinatorialContracts.approximate_oracle_robustness; axioms=[propext,
 Quot.sound,
 Classical.choice]
origin=CombinatorialContracts.Algorithm; declaration=CombinatorialContracts.algorithm1_logarithmic_query_bound; axioms=[propext,
 Quot.sound,
 Classical.choice]
origin=CombinatorialContracts.Tightness; declaration=CombinatorialContracts.Tightness.Singleton.realized._proof_11; axioms=[propext,
 Quot.sound]
origin=CombinatorialContracts.Scale; declaration=CombinatorialContracts.reward_anchored_scale; axioms=[propext,
 Quot.sound,
 Classical.choice]
origin=CombinatorialContracts.OracleProgram; declaration=CombinatorialContracts.OracleProgram.response.noConfusion; axioms=[propext,
 Classical.choice,
 Quot.sound]
origin=CombinatorialContracts.Tightness; declaration=_private.CombinatorialContracts.Tightness.0.CombinatorialContracts.Tightness.Bundle.sets.match_1.eq_2; axioms=[]
origin=CombinatorialContracts.Model; declaration=CombinatorialContracts.Model; axioms=[propext,
 Quot.sound,
 Classical.choice]
origin=CombinatorialContracts.SharpSparseSupply; declaration=CombinatorialContracts.EqualRevenue.approxSupply_pairBound_sharp._proof_1_1; axioms=[propext,
 Quot.sound]
origin=CombinatorialContracts.LowerBoundProgram; declaration=CombinatorialContracts.LowerBounds.compileSupplyProgram.match_1; axioms=[propext,
 Classical.choice,
 Quot.sound]
origin=CombinatorialContracts.LowerBoundProgram; declaration=CombinatorialContracts.LowerBounds.compileSupplyProgram.eq_3; axioms=[propext,
 Quot.sound,
 Classical.choice]
origin=CombinatorialContracts.OracleIdentification; declaration=_private.CombinatorialContracts.OracleIdentification.0.CombinatorialContracts.OracleIdentification.pointBatch.match_1.eq_2; axioms=[]
origin=CombinatorialContracts.EqualRevenue; declaration=CombinatorialContracts.EqualRevenue.cost; axioms=[propext,
 Classical.choice,
 Quot.sound]
origin=CombinatorialContracts.OracleIdentification; declaration=CombinatorialContracts.OracleIdentification.BatchProgram.ask.noConfusion; axioms=[]
origin=CombinatorialContracts.Robustness; declaration=CombinatorialContracts.approximate_oracle_robustness._simp_1_3; axioms=[propext,
 Quot.sound]
origin=CombinatorialContracts.ChainRealization; declaration=CombinatorialContracts.RealizedChain.unique_optimal_pair._proof_1_2; axioms=[propext,
 Quot.sound]
origin=CombinatorialContracts.Tightness; declaration=CombinatorialContracts.Tightness.Bundle.response_at_optimal; axioms=[propext,
 Classical.choice,
 Quot.sound]
origin=CombinatorialContracts.Geometric; declaration=CombinatorialContracts.robust_geometric_cover; axioms=[propext,
 Classical.choice,
 Quot.sound]
origin=CombinatorialContracts.Algorithm; declaration=CombinatorialContracts.algorithm1_query_count; axioms=[propext,
 Quot.sound,
 Classical.choice]
origin=CombinatorialContracts.ChainEnvelope; declaration=CombinatorialContracts.LineChain.utility_step_nonpos; axioms=[propext,
 Classical.choice,
 Quot.sound]
origin=CombinatorialContracts.SupplyProgram; declaration=_private.CombinatorialContracts.SupplyProgram.0.CombinatorialContracts.SupplyProgram.translate.match_1.eq_2; axioms=[propext,
 Classical.choice,
 Quot.sound]
origin=CombinatorialContracts.Algorithm; declaration=CombinatorialContracts.additiveAlgorithm1.eq_1; axioms=[propext,
 Quot.sound,
 Classical.choice]
origin=CombinatorialContracts.MainLowerBound; declaration=CombinatorialContracts.LowerBounds.theorem8_high_accuracy_ennreal; axioms=[propext,
 Classical.choice,
 Quot.sound]
origin=CombinatorialContracts.LowerBounds; declaration=CombinatorialContracts.LowerBounds.perturbedCost; axioms=[propext,
 Classical.choice,
 Quot.sound]
origin=CombinatorialContracts.SparseSupply; declaration=_private.CombinatorialContracts.SparseSupply.0.CombinatorialContracts.EqualRevenue.lowBits_antitone._proof_1_2; axioms=[propext,
 Quot.sound,
 Classical.choice]
origin=CombinatorialContracts.Algorithm; declaration=CombinatorialContracts.additiveAlgorithm1; axioms=[propext,
 Quot.sound,
 Classical.choice]
origin=CombinatorialContracts.LowerBoundStrategy; declaration=CombinatorialContracts.LowerBounds.StrategyTerminatesWith; axioms=[propext,
 Classical.choice,
 Quot.sound]
origin=CombinatorialContracts.EqualRevenue; declaration=CombinatorialContracts.EqualRevenue.utility_le_add; axioms=[propext,
 Classical.choice,
 Quot.sound]
origin=CombinatorialContracts.OracleIdentification; declaration=CombinatorialContracts.OracleIdentification.PointProgram.probes._unsafe_rec; axioms=[]
origin=CombinatorialContracts.Geometric; declaration=CombinatorialContracts.logarithmic_query_bound; axioms=[propext,
 Classical.choice,
 Quot.sound]
origin=CombinatorialContracts.ChainEnvelope; declaration=CombinatorialContracts.LineChain.utility_step_nonneg._proof_1_2; axioms=[propext,
 Quot.sound]
origin=CombinatorialContracts.Model; declaration=CombinatorialContracts.welfare_nonneg; axioms=[propext,
 Quot.sound,
 Classical.choice]
origin=CombinatorialContracts.OracleIdentification; declaration=CombinatorialContracts.OracleIdentification.BatchProgram.expectedCost_mul._simp_1_2; axioms=[propext,
 Quot.sound]
origin=CombinatorialContracts.LowerBounds; declaration=CombinatorialContracts.LowerBounds.perturbedCost_add; axioms=[propext,
 Classical.choice,
 Quot.sound]
origin=CombinatorialContracts.LowerBounds; declaration=CombinatorialContracts.LowerBounds.hidden_properties._proof_1_2; axioms=[propext,
 Quot.sound,
 Classical.choice]
origin=CombinatorialContracts.MainLowerBound; declaration=CombinatorialContracts.LowerBounds.approximationProbability; axioms=[propext,
 Classical.choice,
 Quot.sound]
origin=CombinatorialContracts.Algorithm; declaration=CombinatorialContracts.score_le_bestOf._simp_1_7; axioms=[propext]
origin=CombinatorialContracts.OracleProgram; declaration=_private.CombinatorialContracts.OracleProgram.0.CombinatorialContracts.OracleProgram.eval.match_1.eq_4; axioms=[propext,
 Classical.choice,
 Quot.sound]
origin=CombinatorialContracts.Algorithm; declaration=CombinatorialContracts.score_le_bestOf._simp_1_2; axioms=[propext]
origin=CombinatorialContracts.Algorithm; declaration=CombinatorialContracts.OracleRun; axioms=[propext,
 Classical.choice,
 Quot.sound]
origin=CombinatorialContracts.LowerBoundStrategy; declaration=CombinatorialContracts.LowerBounds.StrategyTerminatesWith.unique; axioms=[propext,
 Classical.choice,
 Quot.sound]
origin=CombinatorialContracts.Algorithm; declaration=CombinatorialContracts.QueryRecord._sizeOf_1; axioms=[propext,
 Classical.choice,
 Quot.sound]
origin=CombinatorialContracts.EqualRevenue; declaration=CombinatorialContracts.EqualRevenue.binaryIndex.eq_1; axioms=[propext,
 Quot.sound]
origin=CombinatorialContracts.EqualRevenue; declaration=CombinatorialContracts.EqualRevenue.utility_le_add._proof_1_3; axioms=[propext,
 Quot.sound]
origin=CombinatorialContracts.FiniteEnvelope; declaration=CombinatorialContracts.FiniteEnvelope.exists_partition_max_slope; axioms=[propext,
 Quot.sound,
 Classical.choice]
origin=CombinatorialContracts.OracleIdentification; declaration=CombinatorialContracts.OracleIdentification.BatchProgram.noConfusionType; axioms=[]
origin=CombinatorialContracts.LowerBoundStrategy; declaration=CombinatorialContracts.LowerBounds.StrategyAction.casesOn; axioms=[propext,
 Classical.choice,
 Quot.sound]
origin=CombinatorialContracts.Tightness; declaration=CombinatorialContracts.Tightness.Bundle.chain._simp_8; axioms=[propext]
origin=CombinatorialContracts.ChainRealization; declaration=CombinatorialContracts.RealizedChain.optimalValue_eq_entry; axioms=[propext,
 Quot.sound,
 Classical.choice]
origin=CombinatorialContracts.Tightness; declaration=CombinatorialContracts.Tightness.Bundle.cost_empty; axioms=[propext,
 Classical.choice,
 Quot.sound]
origin=CombinatorialContracts.Tightness; declaration=CombinatorialContracts.Tightness.Bundle.normalized_isResponse; axioms=[propext,
 Classical.choice,
 Quot.sound]
origin=CombinatorialContracts.SharpSparseSupply; declaration=CombinatorialContracts.EqualRevenue.critical_gap_minimum._proof_1_4; axioms=[propext,
 Quot.sound]
origin=CombinatorialContracts.ChainEnvelope; declaration=CombinatorialContracts.LineChain.entry; axioms=[propext,
 Classical.choice,
 Quot.sound]
origin=CombinatorialContracts.SupplyProgram; declaration=CombinatorialContracts.SupplyProgram.supply.elim; axioms=[propext,
 Classical.choice,
 Quot.sound]
origin=CombinatorialContracts.Geometric; declaration=CombinatorialContracts.leastGridSteps_one; axioms=[propext,
 Classical.choice,
 Quot.sound]
origin=CombinatorialContracts.LowerBounds; declaration=CombinatorialContracts.LowerBounds.hidden_properties; axioms=[propext,
 Quot.sound,
 Classical.choice]
origin=CombinatorialContracts.OracleIdentification; declaration=CombinatorialContracts.OracleIdentification.correct_nonneg; axioms=[propext,
 Classical.choice,
 Quot.sound]
origin=CombinatorialContracts.LowerBoundStrategy; declaration=CombinatorialContracts.LowerBounds.finiteStrategyProgram.eq_1; axioms=[propext,
 Classical.choice,
 Quot.sound]
origin=CombinatorialContracts.LowerBoundStrategy; declaration=CombinatorialContracts.LowerBounds.StrategyObservation.supply.inj; axioms=[propext,
 Classical.choice,
 Quot.sound]
origin=CombinatorialContracts.LowerBoundStrategy; declaration=CombinatorialContracts.LowerBounds.StrategyAction.supply.injEq; axioms=[propext,
 Classical.choice,
 Quot.sound]
origin=CombinatorialContracts.OracleProgram; declaration=CombinatorialContracts.instDecidableEqQueryKind._proof_1; axioms=[]
origin=CombinatorialContracts.Tightness; declaration=CombinatorialContracts.Tightness.Bundle.welfare_eq; axioms=[propext,
 Classical.choice,
 Quot.sound]
origin=CombinatorialContracts.LowerBoundProgram; declaration=CombinatorialContracts.LowerBounds.supplyOracle; axioms=[propext,
 Classical.choice,
 Quot.sound]
origin=CombinatorialContracts.LowerBoundProgram; declaration=CombinatorialContracts.LowerBounds.execute_eq_model; axioms=[propext,
 Classical.choice,
 Quot.sound]
origin=CombinatorialContracts.Geometric; declaration=CombinatorialContracts.leastGridSteps; axioms=[propext,
 Classical.choice,
 Quot.sound]
origin=CombinatorialContracts.Algorithm; declaration=CombinatorialContracts.geometricRun_record_valid; axioms=[propext,
 Quot.sound,
 Classical.choice]
origin=CombinatorialContracts.Tightness; declaration=CombinatorialContracts.Tightness.Bundle.realized; axioms=[propext,
 Classical.choice,
 Quot.sound]
origin=CombinatorialContracts.LowerBoundProgram; declaration=CombinatorialContracts.LowerBounds.supply_batchAnswer; axioms=[propext,
 Classical.choice,
 Quot.sound]
origin=CombinatorialContracts.OracleIdentification; declaration=CombinatorialContracts.OracleIdentification.expectedProbes; axioms=[propext,
 Quot.sound,
 Classical.choice]
origin=CombinatorialContracts.Geometric; declaration=CombinatorialContracts.leastGridSteps_le_ceil; axioms=[propext,
 Classical.choice,
 Quot.sound]
origin=CombinatorialContracts.OracleProgram; declaration=CombinatorialContracts.OracleProgram.rec; axioms=[propext,
 Classical.choice,
 Quot.sound]
origin=CombinatorialContracts.LowerBounds; declaration=CombinatorialContracts.LowerBounds.model._proof_5; axioms=[propext,
 Classical.choice,
 Quot.sound]
origin=CombinatorialContracts.LowerBounds; declaration=CombinatorialContracts.LowerBounds.perturbedIncrement_nonneg._proof_1_3; axioms=[propext,
 Quot.sound]
origin=CombinatorialContracts.SupplyProgram; declaration=CombinatorialContracts.SupplyProgram.algorithm.eq_1; axioms=[propext,
 Quot.sound,
 Classical.choice]
origin=CombinatorialContracts.SupplySimulation; declaration=CombinatorialContracts.EqualRevenue.model.eq_1; axioms=[propext,
 Quot.sound,
 Classical.choice]
origin=CombinatorialContracts.SharpSparseSupply; declaration=CombinatorialContracts.EqualRevenue.cost_add_gap_sharp; axioms=[propext,
 Classical.choice,
 Quot.sound]
origin=CombinatorialContracts.Tightness; declaration=CombinatorialContracts.Tightness.Bundle.weight_pos; axioms=[propext,
 Classical.choice,
 Quot.sound]
origin=CombinatorialContracts.LowerBounds; declaration=CombinatorialContracts.LowerBounds.instanceAt; axioms=[propext,
 Quot.sound,
 Classical.choice]
origin=CombinatorialContracts.Tightness; declaration=CombinatorialContracts.Tightness.Bundle.chain._proof_2; axioms=[propext,
 Quot.sound]
origin=CombinatorialContracts.Algorithm; declaration=CombinatorialContracts.OracleRun.mk.inj; axioms=[propext,
 Classical.choice,
 Quot.sound]
origin=CombinatorialContracts.Algorithm; declaration=CombinatorialContracts.gridShares_valid; axioms=[propext,
 Classical.choice,
 Quot.sound]
origin=CombinatorialContracts.Tightness; declaration=CombinatorialContracts.Tightness.Bundle.R_strictMono; axioms=[propext,
 Classical.choice,
 Quot.sound]
origin=CombinatorialContracts.SupplyProgram; declaration=_private.CombinatorialContracts.SupplyProgram.0.CombinatorialContracts.SupplyProgram.eval.match_1.eq_4; axioms=[propext,
 Classical.choice,
 Quot.sound]
origin=CombinatorialContracts.OracleIdentification; declaration=CombinatorialContracts.OracleIdentification.PointProgram.probes; axioms=[]
origin=CombinatorialContracts.OracleIdentification; declaration=CombinatorialContracts.OracleIdentification.BatchProgram.result.match_1; axioms=[]
origin=CombinatorialContracts.OracleProgram; declaration=CombinatorialContracts.OracleProgram.reward.noConfusion; axioms=[propext,
 Quot.sound,
 Classical.choice]
origin=CombinatorialContracts.Algorithm; declaration=CombinatorialContracts.gridShares_valid._simp_1_2; axioms=[propext,
 Quot.sound]
origin=CombinatorialContracts.LowerBounds; declaration=CombinatorialContracts.LowerBounds.hiddenIndices_nonempty; axioms=[propext,
 Quot.sound,
 Classical.choice]
origin=CombinatorialContracts.MainLowerBound; declaration=CombinatorialContracts.LowerBounds.expectedSupplyCalls; axioms=[propext,
 Classical.choice,
 Quot.sound]
origin=CombinatorialContracts.Robustness; declaration=CombinatorialContracts.approximate_undershoot_payoff._simp_1_1; axioms=[propext]
origin=CombinatorialContracts.OracleIdentification; declaration=CombinatorialContracts.OracleIdentification.BatchProgram.recOn; axioms=[]
origin=CombinatorialContracts.Algorithm; declaration=CombinatorialContracts.OracleRun.mk.sizeOf_spec; axioms=[propext,
 Classical.choice,
 Quot.sound]
origin=CombinatorialContracts.OracleProgram; declaration=CombinatorialContracts.OracleProgram.response.injEq; axioms=[propext,
 Classical.choice,
 Quot.sound]
origin=CombinatorialContracts.LowerBoundStrategy; declaration=CombinatorialContracts.LowerBounds.StrategyObservation.casesOn; axioms=[propext,
 Classical.choice,
 Quot.sound]
origin=CombinatorialContracts.Robustness; declaration=CombinatorialContracts.robustAlgorithm_logarithmic_query_bound; axioms=[propext,
 Quot.sound,
 Classical.choice]
origin=CombinatorialContracts.LowerBoundStrategy; declaration=CombinatorialContracts.LowerBounds.unrollStrategy._unsafe_rec; axioms=[propext,
 Classical.choice,
 Quot.sound]
origin=CombinatorialContracts.MainLowerBound; declaration=CombinatorialContracts.LowerBounds.expectedValueCalls_nonneg; axioms=[propext,
 Classical.choice,
 Quot.sound]
origin=CombinatorialContracts.LowerBounds; declaration=CombinatorialContracts.LowerBounds.decode; axioms=[propext,
 Classical.choice,
 Quot.sound]
origin=CombinatorialContracts.Tightness; declaration=CombinatorialContracts.Tightness.Bundle.a_mem; axioms=[propext,
 Classical.choice,
 Quot.sound]
origin=CombinatorialContracts.OracleProgram; declaration=CombinatorialContracts.OracleProgram.pure.sizeOf_spec; axioms=[propext,
 Classical.choice,
 Quot.sound]
origin=CombinatorialContracts.EqualRevenue; declaration=CombinatorialContracts.EqualRevenue.model_additive; axioms=[propext,
 Quot.sound,
 Classical.choice]
origin=CombinatorialContracts.Algorithm; declaration=CombinatorialContracts.QueryRecord.reward; axioms=[propext,
 Classical.choice,
 Quot.sound]
origin=CombinatorialContracts.OracleProgram; declaration=CombinatorialContracts.OracleProgram.readSingletons.match_1; axioms=[]
origin=CombinatorialContracts.Model; declaration=CombinatorialContracts.Model.reward_subadditive; axioms=[propext,
 Quot.sound,
 Classical.choice]
origin=CombinatorialContracts.ChainEnvelope; declaration=CombinatorialContracts.LineChain.mk.sizeOf_spec; axioms=[propext,
 Classical.choice,
 Quot.sound]
origin=CombinatorialContracts.ChainEnvelope; declaration=CombinatorialContracts.LineChain.utility_le_at_entry._proof_1_1; axioms=[propext,
 Quot.sound]
origin=CombinatorialContracts.Tightness; declaration=CombinatorialContracts.Tightness.Bundle.realized._proof_6; axioms=[propext,
 Quot.sound]
origin=CombinatorialContracts.Scaling; declaration=CombinatorialContracts.scaled_welfare; axioms=[propext,
 Quot.sound,
 Classical.choice]
origin=CombinatorialContracts.SharpSparseSupply; declaration=CombinatorialContracts.EqualRevenue.approxSupply_pairBound_sharp._proof_1_2; axioms=[propext,
 Quot.sound,
 Classical.choice]
origin=CombinatorialContracts.Model; declaration=CombinatorialContracts.Model.reward_empty; axioms=[propext,
 Quot.sound,
 Classical.choice]
origin=CombinatorialContracts.SupplyProgram; declaration=CombinatorialContracts.SupplyProgram.eval.eq_4; axioms=[propext,
 Classical.choice,
 Quot.sound]
origin=CombinatorialContracts.LowerBounds; declaration=CombinatorialContracts.LowerBounds.entry; axioms=[propext,
 Classical.choice,
 Quot.sound]
origin=CombinatorialContracts.Model; declaration=CombinatorialContracts.exists_optimum; axioms=[propext,
 Quot.sound,
 Classical.choice]
origin=CombinatorialContracts.MainLowerBound; declaration=CombinatorialContracts.LowerBounds.high_accuracy_query_bound._proof_1_1; axioms=[propext,
 Quot.sound]
origin=CombinatorialContracts.OracleIdentification; declaration=CombinatorialContracts.OracleIdentification.BatchProgram.compile; axioms=[]
origin=CombinatorialContracts.SharpSparseSupply; declaration=CombinatorialContracts.EqualRevenue.increment_gap_sharp; axioms=[propext,
 Classical.choice,
 Quot.sound]
origin=CombinatorialContracts.OracleIdentification; declaration=CombinatorialContracts.OracleIdentification.BatchProgram.pure; axioms=[]
origin=CombinatorialContracts.RobustOracleProgram; declaration=CombinatorialContracts.OracleProgram.evalIndexed_readSingletons; axioms=[propext,
 Classical.choice,
 Quot.sound]
origin=CombinatorialContracts.SparseSupply; declaration=CombinatorialContracts.EqualRevenue.card_le_of_pairBound._proof_1_1; axioms=[propext,
 Quot.sound,
 Classical.choice]
origin=CombinatorialContracts.FiniteEnvelope; declaration=CombinatorialContracts.FiniteEnvelope.breakpoints.eq_1; axioms=[propext,
 Quot.sound,
 Classical.choice]
origin=CombinatorialContracts.Model; declaration=CombinatorialContracts.welfare; axioms=[propext,
 Quot.sound,
 Classical.choice]
origin=CombinatorialContracts.SharpSparseSupply; declaration=CombinatorialContracts.EqualRevenue.cost_add_gap_sharp._proof_1_3; axioms=[propext,
 Quot.sound]
origin=CombinatorialContracts.EqualRevenue; declaration=CombinatorialContracts.EqualRevenue.model._proof_5; axioms=[propext,
 Quot.sound,
 Classical.choice]
origin=CombinatorialContracts.OracleProgram; declaration=CombinatorialContracts.OracleProgram.readTable.eq_1; axioms=[propext,
 Classical.choice,
 Quot.sound]
origin=CombinatorialContracts.Algorithm; declaration=CombinatorialContracts.OracleRun._sizeOf_inst; axioms=[propext,
 Classical.choice,
 Quot.sound]
origin=CombinatorialContracts.MainLowerBound; declaration=CombinatorialContracts.LowerBounds.expectedValueCalls; axioms=[propext,
 Classical.choice,
 Quot.sound]
origin=CombinatorialContracts.OracleProgram; declaration=CombinatorialContracts.OracleProgram.recordTrace_reward; axioms=[propext,
 Classical.choice,
 Quot.sound]
origin=CombinatorialContracts.EqualRevenue; declaration=CombinatorialContracts.EqualRevenue.increment_nonneg; axioms=[propext,
 Classical.choice,
 Quot.sound]
origin=CombinatorialContracts.OracleIdentification; declaration=_private.CombinatorialContracts.OracleIdentification.0.CombinatorialContracts.OracleIdentification.PointProgram.result.match_1.eq_1; axioms=[]
origin=CombinatorialContracts.EqualRevenue; declaration=CombinatorialContracts.EqualRevenue.harmonic_dyadic_step._proof_1_1; axioms=[propext,
 Quot.sound]
origin=CombinatorialContracts.Tightness; declaration=CombinatorialContracts.Tightness.Singleton.rawCost_step; axioms=[propext,
 Classical.choice,
 Quot.sound]
origin=CombinatorialContracts.Tightness; declaration=_private.CombinatorialContracts.Tightness.0.CombinatorialContracts.Tightness.Singleton.chain.match_1.eq_2; axioms=[]
origin=CombinatorialContracts.LowerBounds; declaration=CombinatorialContracts.LowerBounds.hidden_properties._proof_1_4; axioms=[propext,
 Quot.sound,
 Classical.choice]
origin=CombinatorialContracts.Algorithm; declaration=CombinatorialContracts.OracleRun.initial; axioms=[propext,
 Classical.choice,
 Quot.sound]
origin=CombinatorialContracts.EqualRevenue; declaration=CombinatorialContracts.EqualRevenue.welfare_eq; axioms=[propext,
 Classical.choice,
 Quot.sound]
origin=CombinatorialContracts.Tightness; declaration=CombinatorialContracts.Tightness.Bundle.R; axioms=[propext,
 Classical.choice,
 Quot.sound]
origin=CombinatorialContracts.Tightness; declaration=CombinatorialContracts.Tightness.Bundle.chain._proof_3; axioms=[propext,
 Quot.sound]
origin=CombinatorialContracts.OracleProgram; declaration=CombinatorialContracts.OracleProgram.cost.elim; axioms=[propext,
 Classical.choice,
 Quot.sound]
origin=CombinatorialContracts.LowerBoundStrategy; declaration=CombinatorialContracts.LowerBounds.StrategyAction._sizeOf_inst; axioms=[propext,
 Classical.choice,
 Quot.sound]
origin=CombinatorialContracts.RobustOracleProgram; declaration=CombinatorialContracts.OracleProgram.robustGeometricProgram._proof_1; axioms=[Classical.choice,
 propext,
 Quot.sound]
origin=CombinatorialContracts.Tightness; declaration=CombinatorialContracts.Tightness.Bundle.unique_optimal_pair; axioms=[propext,
 Classical.choice,
 Quot.sound]
origin=CombinatorialContracts.MainLowerBound; declaration=CombinatorialContracts.LowerBounds.finite_randomized_high_accuracy_query_bound; axioms=[propext,
 Quot.sound,
 Classical.choice]
origin=CombinatorialContracts.ChainEnvelope; declaration=CombinatorialContracts.LineChain.utility_le_at_entry._proof_1_7; axioms=[propext,
 Quot.sound]
origin=CombinatorialContracts.OracleProgram; declaration=CombinatorialContracts.OracleProgram.pure.inj; axioms=[propext,
 Classical.choice,
 Quot.sound]
origin=CombinatorialContracts.Tightness; declaration=CombinatorialContracts.Tightness.additiveModel.congr_simp; axioms=[propext,
 Quot.sound,
 Classical.choice]
origin=CombinatorialContracts.Tightness; declaration=CombinatorialContracts.Tightness.Bundle.bCost.eq_1; axioms=[propext,
 Classical.choice,
 Quot.sound]
origin=CombinatorialContracts.LowerBoundStrategy; declaration=CombinatorialContracts.LowerBounds.StrategyAction.cost.elim; axioms=[propext,
 Classical.choice,
 Quot.sound]
origin=CombinatorialContracts.EndpointRegression; declaration=CombinatorialContracts.EndpointRegression.freeAction._proof_2; axioms=[propext,
 Classical.choice,
 Quot.sound]
origin=CombinatorialContracts.OracleIdentification; declaration=CombinatorialContracts.OracleIdentification.pointBatch._unsafe_rec; axioms=[]
origin=CombinatorialContracts.OracleIdentification; declaration=CombinatorialContracts.OracleIdentification.BatchProgram.expectedCost_mul; axioms=[propext,
 Quot.sound,
 Classical.choice]
origin=CombinatorialContracts.Geometric; declaration=CombinatorialContracts.shifted_geometric_cover; axioms=[propext,
 Classical.choice,
 Quot.sound]
origin=CombinatorialContracts.LowerBounds; declaration=CombinatorialContracts.LowerBounds.model._proof_8; axioms=[propext,
 Quot.sound,
 Classical.choice]
origin=CombinatorialContracts.EqualRevenue; declaration=CombinatorialContracts.EqualRevenue.binaryIndex_singleton; axioms=[propext,
 Quot.sound]
origin=CombinatorialContracts.Tightness; declaration=CombinatorialContracts.Tightness.Singleton.realized._proof_8; axioms=[propext,
 Quot.sound]
origin=CombinatorialContracts.Tightness; declaration=CombinatorialContracts.Tightness.Singleton.rawCost.eq_1; axioms=[propext,
 Classical.choice,
 Quot.sound]
origin=CombinatorialContracts.Robustness; declaration=CombinatorialContracts.approximate_welfare_estimate; axioms=[propext,
 Quot.sound,
 Classical.choice]
origin=CombinatorialContracts.Algorithm; declaration=CombinatorialContracts.OracleRun.utility_le_output; axioms=[propext,
 Classical.choice,
 Quot.sound]
origin=CombinatorialContracts.Tightness; declaration=CombinatorialContracts.Tightness.Singleton.chain.match_1; axioms=[]
origin=CombinatorialContracts.LowerBounds; declaration=CombinatorialContracts.LowerBounds.perturbedCost_mono; axioms=[propext,
 Classical.choice,
 Quot.sound]
origin=CombinatorialContracts.Algorithm; declaration=CombinatorialContracts.mem_gridShares._simp_1_2; axioms=[propext,
 Quot.sound]
origin=CombinatorialContracts.OracleIdentification; declaration=CombinatorialContracts.OracleIdentification.probeSum_nonneg; axioms=[propext,
 Quot.sound,
 Classical.choice]
origin=CombinatorialContracts.OracleProgram; declaration=CombinatorialContracts.OracleProgram.eval.eq_2; axioms=[propext,
 Classical.choice,
 Quot.sound]
origin=CombinatorialContracts.LowerBounds; declaration=CombinatorialContracts.LowerBounds.hidden_properties._proof_1_1; axioms=[propext,
 Quot.sound,
 Classical.choice]
origin=CombinatorialContracts.ChainRealization; declaration=CombinatorialContracts.RealizedChain.welfare_eq_last; axioms=[propext,
 Quot.sound,
 Classical.choice]
origin=CombinatorialContracts.OracleProgram; declaration=_private.CombinatorialContracts.OracleProgram.0.CombinatorialContracts.OracleProgram.eval.match_1.splitter; axioms=[propext,
 Classical.choice,
 Quot.sound]
origin=CombinatorialContracts.LowerBounds; declaration=CombinatorialContracts.LowerBounds.perturbation._proof_1; axioms=[Classical.choice,
 propext,
 Quot.sound]
origin=CombinatorialContracts.ChainRealization; declaration=CombinatorialContracts.RealizedChain.reward_strict; axioms=[propext,
 Quot.sound,
 Classical.choice]
origin=CombinatorialContracts.Algorithm; declaration=CombinatorialContracts.QueryRecord.mk.injEq; axioms=[propext,
 Classical.choice,
 Quot.sound]
origin=CombinatorialContracts.Model; declaration=CombinatorialContracts.IsSupplyResponse.eq_1; axioms=[propext,
 Quot.sound,
 Classical.choice]
origin=CombinatorialContracts.SparseSupply; declaration=_private.CombinatorialContracts.SparseSupply.0.CombinatorialContracts.EqualRevenue.binaryIndex_modEq_low; axioms=[propext,
 Quot.sound,
 Classical.choice]
origin=CombinatorialContracts.Tightness; declaration=CombinatorialContracts.Tightness.Bundle.chain._proof_1; axioms=[propext,
 Quot.sound]
origin=CombinatorialContracts.ChainRealization; declaration=CombinatorialContracts.RealizedChain.unique_optimal_pair._proof_1_4; axioms=[propext,
 Quot.sound]
origin=CombinatorialContracts.LowerBoundProgram; declaration=CombinatorialContracts.LowerBounds.compileSupplyProgram.eq_2; axioms=[propext,
 Classical.choice,
 Quot.sound]
origin=CombinatorialContracts.ChainRealization; declaration=CombinatorialContracts.RealizedChain.utility_eq; axioms=[propext,
 Quot.sound,
 Classical.choice]
origin=CombinatorialContracts.OracleProgram; declaration=CombinatorialContracts.OracleProgram.readSingletons.eq_2; axioms=[propext,
 Classical.choice,
 Quot.sound]
origin=CombinatorialContracts.OracleIdentification; declaration=CombinatorialContracts.OracleIdentification.PointProgram.ask.inj; axioms=[]
origin=CombinatorialContracts.Tightness; declaration=CombinatorialContracts.Tightness.Singleton.chain._proof_8; axioms=[propext,
 Classical.choice,
 Quot.sound]
origin=CombinatorialContracts.EqualRevenue; declaration=CombinatorialContracts.EqualRevenue.binary_welfare_max; axioms=[propext,
 Quot.sound,
 Classical.choice]
origin=CombinatorialContracts.Tightness; declaration=CombinatorialContracts.Tightness.Bundle.normalized_isResponse._proof_1_2; axioms=[propext,
 Quot.sound]
origin=CombinatorialContracts.MainLowerBound; declaration=CombinatorialContracts.LowerBounds.high_accuracy_query_bound; axioms=[propext,
 Classical.choice,
 Quot.sound]
origin=CombinatorialContracts.SharpSparseSupply; declaration=CombinatorialContracts.EqualRevenue.critical_gap_minimum._proof_1_1; axioms=[propext,
 Quot.sound]
origin=CombinatorialContracts.OracleProgram; declaration=CombinatorialContracts.OracleProgram.geometricTrace; axioms=[propext,
 Classical.choice,
 Quot.sound]
origin=CombinatorialContracts.Scaling; declaration=CombinatorialContracts.scaledModel._proof_1; axioms=[propext,
 Quot.sound,
 Classical.choice]
origin=CombinatorialContracts.OracleIdentification; declaration=CombinatorialContracts.OracleIdentification.BatchProgram.callCost_map; axioms=[propext]
origin=CombinatorialContracts.EqualRevenue; declaration=CombinatorialContracts.EqualRevenue.binaryIndex_strictMono; axioms=[propext,
 Quot.sound,
 Classical.choice]
origin=CombinatorialContracts.EqualRevenue; declaration=CombinatorialContracts.EqualRevenue.model; axioms=[propext,
 Quot.sound,
 Classical.choice]
origin=CombinatorialContracts.Tightness; declaration=CombinatorialContracts.Tightness.Bundle.realized._proof_4; axioms=[propext,
 Quot.sound]
origin=CombinatorialContracts.Tightness; declaration=CombinatorialContracts.Tightness.Bundle.reward.eq_1; axioms=[propext,
 Quot.sound,
 Classical.choice]
origin=CombinatorialContracts.SupplyProgram; declaration=CombinatorialContracts.SupplyProgram.bind.match_1; axioms=[propext,
 Classical.choice,
 Quot.sound]
origin=CombinatorialContracts.Geometric; declaration=CombinatorialContracts.unshifted_geometric_cover._proof_1_1; axioms=[propext,
 Classical.choice,
 Quot.sound]
origin=CombinatorialContracts.LowerBounds; declaration=CombinatorialContracts.LowerBounds.hiddenIndices; axioms=[propext,
 Quot.sound,
 Classical.choice]
origin=CombinatorialContracts.RobustOracleProgram; declaration=CombinatorialContracts.OracleProgram.robustTrace.eq_1; axioms=[propext,
 Quot.sound,
 Classical.choice]
origin=CombinatorialContracts.Tightness; declaration=_private.CombinatorialContracts.Tightness.0.CombinatorialContracts.Tightness.Bundle.sets.match_1.eq_3; axioms=[]
origin=CombinatorialContracts.Robustness; declaration=CombinatorialContracts.approximate_oracle_robustness._simp_1_1; axioms=[propext,
 Quot.sound]
origin=CombinatorialContracts.EqualRevenue; declaration=CombinatorialContracts.EqualRevenue.critical_profit; axioms=[propext,
 Classical.choice,
 Quot.sound]
origin=CombinatorialContracts.Algorithm; declaration=CombinatorialContracts.algorithm1.eq_1; axioms=[propext,
 Quot.sound,
 Classical.choice]
origin=CombinatorialContracts.OracleProgram; declaration=CombinatorialContracts.OracleProgram.cachedRecords.eq_2; axioms=[propext,
 Classical.choice,
 Quot.sound]
origin=CombinatorialContracts.Algorithm; declaration=CombinatorialContracts.score_le_bestOf._simp_1_1; axioms=[propext]
origin=CombinatorialContracts.OracleIdentification; declaration=CombinatorialContracts.OracleIdentification.BatchProgram.compile_probes_le; axioms=[propext,
 Quot.sound,
 Classical.choice]
origin=CombinatorialContracts.RobustOracleProgram; declaration=CombinatorialContracts.OracleProgram.robustProgram.eq_1; axioms=[propext,
 Quot.sound,
 Classical.choice]
origin=CombinatorialContracts.SparseSupply; declaration=_private.CombinatorialContracts.SparseSupply.0.CombinatorialContracts.EqualRevenue.rightEnd_of_not_mem._proof_1_1; axioms=[propext,
 Quot.sound,
 Classical.choice]
origin=CombinatorialContracts.Tightness; declaration=CombinatorialContracts.Tightness.Singleton.chain._proof_6; axioms=[propext,
 Quot.sound]
origin=CombinatorialContracts.ChainEnvelope; declaration=CombinatorialContracts.LineChain.cost_step; axioms=[propext,
 Classical.choice,
 Quot.sound]
origin=CombinatorialContracts.Tightness; declaration=CombinatorialContracts.Tightness.Bundle.chain._simp_7; axioms=[propext]
origin=CombinatorialContracts.Model; declaration=CombinatorialContracts.Model._sizeOf_1; axioms=[propext,
 Quot.sound,
 Classical.choice]
origin=CombinatorialContracts.Model; declaration=CombinatorialContracts.Model.mk; axioms=[propext,
 Quot.sound,
 Classical.choice]
origin=CombinatorialContracts.EqualRevenue; declaration=CombinatorialContracts.EqualRevenue.increment_eq; axioms=[propext,
 Classical.choice,
 Quot.sound]
origin=CombinatorialContracts.LowerBoundStrategy; declaration=CombinatorialContracts.LowerBounds.StrategyAction.rec; axioms=[propext,
 Classical.choice,
 Quot.sound]
origin=CombinatorialContracts.LowerBoundStrategy; declaration=CombinatorialContracts.LowerBounds.StrategyObservation.recOn; axioms=[propext,
 Classical.choice,
 Quot.sound]
origin=CombinatorialContracts.OracleIdentification; declaration=CombinatorialContracts.OracleIdentification.PointProgram.noConfusionType; axioms=[]
origin=CombinatorialContracts.OracleProgram; declaration=CombinatorialContracts.OracleProgram.tableValues; axioms=[propext,
 Quot.sound,
 Classical.choice]
origin=CombinatorialContracts.Algorithm; declaration=CombinatorialContracts.IsExactPositiveOracle; axioms=[propext,
 Quot.sound,
 Classical.choice]
origin=CombinatorialContracts.SupplyProgram; declaration=_private.CombinatorialContracts.SupplyProgram.0.CombinatorialContracts.SupplyProgram.eval.match_1.eq_3; axioms=[propext,
 Classical.choice,
 Quot.sound]
origin=CombinatorialContracts.LowerBounds; declaration=CombinatorialContracts.LowerBounds.chain._proof_3; axioms=[Classical.choice,
 propext,
 Quot.sound]
origin=CombinatorialContracts.Model; declaration=CombinatorialContracts.response_zero_cost; axioms=[propext,
 Quot.sound,
 Classical.choice]
origin=CombinatorialContracts.LowerBoundStrategy; declaration=CombinatorialContracts.LowerBounds.runStrategyFuel.eq_2; axioms=[propext,
 Classical.choice,
 Quot.sound]
origin=CombinatorialContracts.MainLowerBound; declaration=CombinatorialContracts.LowerBounds.hiddenMean_nonneg; axioms=[propext,
 Classical.choice,
 Quot.sound]
origin=CombinatorialContracts.MainLowerBound; declaration=CombinatorialContracts.LowerBounds.average_success_of_each_instance; axioms=[propext,
 Classical.choice,
 Quot.sound]
origin=CombinatorialContracts.OracleIdentification; declaration=CombinatorialContracts.OracleIdentification.successProbability; axioms=[propext,
 Quot.sound,
 Classical.choice]
origin=CombinatorialContracts.OracleIdentification; declaration=CombinatorialContracts.OracleIdentification.BatchProgram.finite_randomized_identification; axioms=[propext,
 Quot.sound,
 Classical.choice]
origin=CombinatorialContracts.RobustOracleProgram; declaration=_private.CombinatorialContracts.RobustOracleProgram.0.CombinatorialContracts.OracleProgram.evalIndexed.match_1.eq_4; axioms=[propext,
 Classical.choice,
 Quot.sound]
origin=CombinatorialContracts.SparseSupply; declaration=CombinatorialContracts.EqualRevenue.approxSupply; axioms=[propext,
 Classical.choice,
 Quot.sound]
origin=CombinatorialContracts.SharpSparseSupply; declaration=CombinatorialContracts.EqualRevenue.approxSupply_card_le_of_critical_gaps; axioms=[propext,
 Classical.choice,
 Quot.sound]
origin=CombinatorialContracts.SupplyProgram; declaration=CombinatorialContracts.SupplyProgram.translate._sunfold; axioms=[propext,
 Classical.choice,
 Quot.sound]
origin=CombinatorialContracts.Tightness; declaration=CombinatorialContracts.Tightness.Bundle.realized._proof_8; axioms=[propext,
 Classical.choice,
 Quot.sound]
origin=CombinatorialContracts.OracleProgram; declaration=_private.CombinatorialContracts.OracleProgram.0.CombinatorialContracts.OracleProgram.bind.match_1.eq_3; axioms=[propext,
 Classical.choice,
 Quot.sound]
origin=CombinatorialContracts.ChainEnvelope; declaration=CombinatorialContracts.LineChain.utility_le_at_entry; axioms=[propext,
 Classical.choice,
 Quot.sound]
origin=CombinatorialContracts.Welfare; declaration=CombinatorialContracts.FiniteEnvelope.line.eq_1; axioms=[propext,
 Classical.choice,
 Quot.sound]
origin=CombinatorialContracts.OracleProgram; declaration=CombinatorialContracts.OracleProgram.eval_queryRecord; axioms=[propext,
 Classical.choice,
 Quot.sound]
origin=CombinatorialContracts.Algorithm; declaration=_private.CombinatorialContracts.Algorithm.0.CombinatorialContracts.bestOf.match_1.eq_2; axioms=[]
origin=CombinatorialContracts.SupplySimulation; declaration=_private.CombinatorialContracts.SupplySimulation.0.CombinatorialContracts.LowerBounds.supplyAnswer.match_1.eq_1; axioms=[]
origin=CombinatorialContracts.OracleIdentification; declaration=CombinatorialContracts.OracleIdentification.pointBatch_result; axioms=[propext]
origin=CombinatorialContracts.ChainRealization; declaration=CombinatorialContracts.RealizedChain.optimalValue_le_of_entry_le; axioms=[propext,
 Quot.sound,
 Classical.choice]
origin=CombinatorialContracts.LowerBounds; declaration=CombinatorialContracts.LowerBounds.decode_exact; axioms=[propext,
 Quot.sound,
 Classical.choice]
origin=CombinatorialContracts.Welfare; declaration=CombinatorialContracts.FiniteEnvelope.envelope.congr_simp; axioms=[propext,
 Quot.sound,
 Classical.choice]
origin=CombinatorialContracts.LowerBoundStrategy; declaration=CombinatorialContracts.LowerBounds.randomized_strategy_program_exact; axioms=[propext,
 Classical.choice,
 Quot.sound]
origin=CombinatorialContracts.OracleIdentification; declaration=CombinatorialContracts.OracleIdentification.BatchProgram.result._sunfold; axioms=[propext]
origin=CombinatorialContracts.Geometric; declaration=CombinatorialContracts.leastGridSteps_minimal; axioms=[propext,
 Classical.choice,
 Quot.sound]
origin=CombinatorialContracts.EqualRevenue; declaration=CombinatorialContracts.EqualRevenue.binaryIndex_injective; axioms=[propext,
 Quot.sound,
 Classical.choice]
origin=CombinatorialContracts.LowerBoundStrategy; declaration=CombinatorialContracts.LowerBounds.StrategyAction.halt.elim; axioms=[propext,
 Classical.choice,
 Quot.sound]
origin=CombinatorialContracts.Tightness; declaration=CombinatorialContracts.Tightness.Bundle.normalizedModel.eq_1; axioms=[propext,
 Classical.choice,
 Quot.sound]
origin=CombinatorialContracts.EqualRevenue; declaration=CombinatorialContracts.EqualRevenue.harmonic; axioms=[propext,
 Classical.choice,
 Quot.sound]
origin=CombinatorialContracts.LowerBounds; declaration=CombinatorialContracts.LowerBounds.model_cost_supermodular._proof_1_2; axioms=[propext,
 Quot.sound]
origin=CombinatorialContracts.LowerBoundProgram; declaration=CombinatorialContracts.LowerBounds.execute.eq_1; axioms=[propext,
 Classical.choice,
 Quot.sound]
origin=CombinatorialContracts.Tightness; declaration=CombinatorialContracts.Tightness.proposition9_ii; axioms=[propext,
 Classical.choice,
 Quot.sound]
origin=CombinatorialContracts.FiniteEnvelope; declaration=CombinatorialContracts.FiniteEnvelope.exists_grid._simp_1_1; axioms=[propext,
 Quot.sound]
origin=CombinatorialContracts.LowerBoundStrategy; declaration=CombinatorialContracts.LowerBounds.HiddenStrategyTerminatesWith; axioms=[propext,
 Classical.choice,
 Quot.sound]
origin=CombinatorialContracts.SupplySimulation; declaration=CombinatorialContracts.LowerBounds.candidateIndices_card; axioms=[propext,
 Classical.choice,
 Quot.sound]
origin=CombinatorialContracts.LowerBounds; declaration=CombinatorialContracts.LowerBounds.perturbation_pos; axioms=[propext,
 Classical.choice,
 Quot.sound]
origin=CombinatorialContracts.SupplyProgram; declaration=CombinatorialContracts.SupplyProgram.eval.eq_1; axioms=[propext,
 Classical.choice,
 Quot.sound]
origin=CombinatorialContracts.Robustness; declaration=CombinatorialContracts.approximate_undershoot_payoff._simp_1_3; axioms=[propext]
origin=CombinatorialContracts.OracleProgram; declaration=CombinatorialContracts.OracleProgram.queryRecord; axioms=[propext,
 Classical.choice,
 Quot.sound]
origin=CombinatorialContracts.LowerBounds; declaration=CombinatorialContracts.LowerBounds.accuracy._proof_1; axioms=[Classical.choice,
 propext,
 Quot.sound]
origin=CombinatorialContracts.EqualRevenue; declaration=CombinatorialContracts.EqualRevenue.cost_add._proof_1_1; axioms=[propext,
 Quot.sound]
origin=CombinatorialContracts.OracleIdentification; declaration=CombinatorialContracts.OracleIdentification.adaptive_identification; axioms=[propext,
 Quot.sound,
 Classical.choice]
origin=CombinatorialContracts.FiniteEnvelope; declaration=CombinatorialContracts.FiniteEnvelope.exists_partition; axioms=[propext,
 Quot.sound,
 Classical.choice]
origin=CombinatorialContracts.LowerBounds; declaration=CombinatorialContracts.LowerBounds.hiddenIndices_card; axioms=[propext,
 Quot.sound,
 Classical.choice]
origin=CombinatorialContracts.OracleProgram; declaration=CombinatorialContracts.instReprQueryKind.repr; axioms=[]
origin=CombinatorialContracts.SharpSparseSupply; declaration=CombinatorialContracts.EqualRevenue.approxSupply_pairBound_sharp; axioms=[propext,
 Classical.choice,
 Quot.sound]
origin=CombinatorialContracts.LowerBounds; declaration=CombinatorialContracts.LowerBounds.decode_correct._proof_1_2; axioms=[propext,
 Quot.sound,
 Classical.choice]
origin=CombinatorialContracts.ChainRealization; declaration=CombinatorialContracts.RealizedChain.recOn; axioms=[propext,
 Quot.sound,
 Classical.choice]
origin=CombinatorialContracts.LowerBoundStrategy; declaration=CombinatorialContracts.LowerBounds.StrategyObservation.supply.noConfusion; axioms=[propext,
 Classical.choice,
 Quot.sound]
origin=CombinatorialContracts.MainLowerBound; declaration=CombinatorialContracts.LowerBounds.randomized_high_accuracy_query_bound; axioms=[propext,
 Classical.choice,
 Quot.sound]
origin=CombinatorialContracts.Model; declaration=CombinatorialContracts.Model._sizeOf_inst; axioms=[propext,
 Quot.sound,
 Classical.choice]
origin=CombinatorialContracts.LowerBounds; declaration=CombinatorialContracts.LowerBounds.accuracy_binary_bounds._proof_1_1; axioms=[propext,
 Quot.sound]
origin=CombinatorialContracts.Tightness; declaration=CombinatorialContracts.Tightness.Bundle.action_count._proof_1_1; axioms=[propext,
 Quot.sound]
origin=CombinatorialContracts.LowerBoundStrategy; declaration=CombinatorialContracts.LowerBounds.runStrategyFuel_add._proof_1_4; axioms=[propext,
 Quot.sound]
origin=CombinatorialContracts.LowerBoundStrategy; declaration=CombinatorialContracts.LowerBounds.StrategyObservation._sizeOf_inst; axioms=[propext,
 Classical.choice,
 Quot.sound]
origin=CombinatorialContracts.Algorithm; declaration=CombinatorialContracts.OracleRun.mk.noConfusion; axioms=[propext,
 Classical.choice,
 Quot.sound]
origin=CombinatorialContracts.SupplyProgram; declaration=CombinatorialContracts.SupplyProgram.cost.injEq; axioms=[propext,
 Quot.sound,
 Classical.choice]
origin=CombinatorialContracts.LowerBounds; declaration=CombinatorialContracts.LowerBounds.decode_correct._proof_1_3; axioms=[propext,
 Quot.sound,
 Classical.choice]
origin=CombinatorialContracts.LowerBoundProgram; declaration=CombinatorialContracts.LowerBounds.batchCandidates.eq_1; axioms=[propext,
 Classical.choice,
 Quot.sound]
origin=CombinatorialContracts.LowerBounds; declaration=CombinatorialContracts.LowerBounds.hidden_isResponse._proof_1_4; axioms=[propext,
 Quot.sound]
origin=CombinatorialContracts.FiniteEnvelope; declaration=CombinatorialContracts.FiniteEnvelope.mem_breakpoints_bounds; axioms=[propext,
 Quot.sound,
 Classical.choice]
origin=CombinatorialContracts.SupplySimulation; declaration=CombinatorialContracts.LowerBounds.supplyAnswer.eq_1; axioms=[propext,
 Classical.choice,
 Quot.sound]
origin=CombinatorialContracts.Algorithm; declaration=CombinatorialContracts.score_le_bestOf; axioms=[propext,
 Classical.choice,
 Quot.sound]
origin=CombinatorialContracts.Geometric; declaration=CombinatorialContracts.pow_ceil_log_le_inv; axioms=[propext,
 Classical.choice,
 Quot.sound]
origin=CombinatorialContracts.LowerBoundStrategy; declaration=CombinatorialContracts.LowerBounds.StrategyAction.supply.elim; axioms=[propext,
 Classical.choice,
 Quot.sound]
origin=CombinatorialContracts.EqualRevenue; declaration=CombinatorialContracts.EqualRevenue.critical.eq_1; axioms=[propext,
 Classical.choice,
 Quot.sound]
origin=CombinatorialContracts.EqualRevenue; declaration=CombinatorialContracts.EqualRevenue.critical_isResponse; axioms=[propext,
 Quot.sound,
 Classical.choice]
origin=CombinatorialContracts.Robustness; declaration=CombinatorialContracts.robustAlgorithm._proof_2; axioms=[Classical.choice,
 propext,
 Quot.sound]
origin=CombinatorialContracts.LowerBounds; declaration=CombinatorialContracts.LowerBounds.chain.eq_1; axioms=[propext,
 Classical.choice,
 Quot.sound]
origin=CombinatorialContracts.OracleIdentification; declaration=_private.CombinatorialContracts.OracleIdentification.0.CombinatorialContracts.OracleIdentification.PointProgram.bind.match_1.eq_2; axioms=[]
origin=CombinatorialContracts.Algorithm; declaration=CombinatorialContracts.general_reward_approximation; axioms=[propext,
 Quot.sound,
 Classical.choice]
origin=CombinatorialContracts.EqualRevenue; declaration=CombinatorialContracts.EqualRevenue.utility.eq_1; axioms=[propext,
 Classical.choice,
 Quot.sound]
origin=CombinatorialContracts.EqualRevenue; declaration=CombinatorialContracts.EqualRevenue.cost_add; axioms=[propext,
 Classical.choice,
 Quot.sound]
origin=CombinatorialContracts.EqualRevenue; declaration=CombinatorialContracts.EqualRevenue.model._proof_3; axioms=[propext,
 Classical.choice,
 Quot.sound]
origin=CombinatorialContracts.Model; declaration=CombinatorialContracts.exists_optimum._simp_1_1; axioms=[Quot.sound,
 propext]
origin=CombinatorialContracts.Robustness; declaration=CombinatorialContracts.IsApproxOracle; axioms=[propext,
 Quot.sound,
 Classical.choice]
origin=CombinatorialContracts.LowerBoundStrategy; declaration=CombinatorialContracts.LowerBounds.unrollStrategy._sunfold; axioms=[propext,
 Classical.choice,
 Quot.sound]
origin=CombinatorialContracts.Tightness; declaration=CombinatorialContracts.Tightness.Bundle.sets.eq_2; axioms=[propext,
 Quot.sound,
 Classical.choice]
origin=CombinatorialContracts.SupplyProgram; declaration=CombinatorialContracts.SupplyProgram.recOn; axioms=[propext,
 Classical.choice,
 Quot.sound]
origin=CombinatorialContracts.LowerBounds; declaration=CombinatorialContracts.LowerBounds.decode_correct._proof_1_4; axioms=[propext,
 Quot.sound,
 Classical.choice]
origin=CombinatorialContracts.Model; declaration=CombinatorialContracts.Model.reward; axioms=[propext,
 Quot.sound,
 Classical.choice]
origin=CombinatorialContracts.MainLowerBound; declaration=CombinatorialContracts.LowerBounds.identificationProgram.eq_1; axioms=[propext,
 Classical.choice,
 Quot.sound]
origin=CombinatorialContracts.SharpSparseSupply; declaration=CombinatorialContracts.EqualRevenue.increment_gap_sharp._proof_1_2; axioms=[propext,
 Quot.sound]
origin=CombinatorialContracts.OracleIdentification; declaration=_private.CombinatorialContracts.OracleIdentification.0.CombinatorialContracts.OracleIdentification.PointProgram.bind.match_1.splitter; axioms=[]
origin=CombinatorialContracts.Tightness; declaration=CombinatorialContracts.Tightness.Bundle.sets; axioms=[propext,
 Quot.sound,
 Classical.choice]
origin=CombinatorialContracts.EndpointRegression; declaration=CombinatorialContracts.EndpointRegression.supply_may_return_empty_at_zero; axioms=[propext,
 Quot.sound,
 Classical.choice]
origin=CombinatorialContracts.Algorithm; declaration=CombinatorialContracts.algorithm1_output_utility_eq; axioms=[propext,
 Quot.sound,
 Classical.choice]
origin=CombinatorialContracts.OracleIdentification; declaration=CombinatorialContracts.OracleIdentification.BatchProgram.pure.injEq; axioms=[propext]
origin=CombinatorialContracts.Tightness; declaration=CombinatorialContracts.Tightness.Singleton.model_additive; axioms=[propext,
 Classical.choice,
 Quot.sound]
origin=CombinatorialContracts.OracleProgram; declaration=CombinatorialContracts.instReprQueryKind.repr.match_1; axioms=[]
origin=CombinatorialContracts.LowerBounds; declaration=CombinatorialContracts.LowerBounds.hidden_isResponse._proof_1_8; axioms=[propext,
 Quot.sound]
origin=CombinatorialContracts.Geometric; declaration=CombinatorialContracts.geometric_cover_of_width; axioms=[propext,
 Classical.choice,
 Quot.sound]
origin=CombinatorialContracts.OracleIdentification; declaration=CombinatorialContracts.OracleIdentification.BatchProgram.expectedCost_nonneg; axioms=[propext,
 Quot.sound,
 Classical.choice]
origin=CombinatorialContracts.EqualRevenue; declaration=CombinatorialContracts.EqualRevenue.harmonic_dyadic_step; axioms=[propext,
 Classical.choice,
 Quot.sound]
origin=CombinatorialContracts.LowerBounds; declaration=CombinatorialContracts.LowerBounds.unique_optimal_contract; axioms=[propext,
 Classical.choice,
 Quot.sound]
origin=CombinatorialContracts.Tightness; declaration=CombinatorialContracts.Tightness.Bundle.chain.eq_1; axioms=[propext,
 Classical.choice,
 Quot.sound]
origin=CombinatorialContracts.Model; declaration=CombinatorialContracts.Model.reward_nonneg; axioms=[propext,
 Quot.sound,
 Classical.choice]
origin=CombinatorialContracts.Tightness; declaration=CombinatorialContracts.Tightness.realized_response_unique._proof_1_2; axioms=[propext,
 Quot.sound]
origin=CombinatorialContracts.Model; declaration=CombinatorialContracts.supplyUtility; axioms=[propext,
 Quot.sound,
 Classical.choice]
origin=CombinatorialContracts.OracleIdentification; declaration=CombinatorialContracts.OracleIdentification.BatchProgram.below; axioms=[]
origin=CombinatorialContracts.Tightness; declaration=CombinatorialContracts.Tightness.Singleton.model; axioms=[propext,
 Classical.choice,
 Quot.sound]
origin=CombinatorialContracts.LowerBoundStrategy; declaration=CombinatorialContracts.LowerBounds.StrategyAction.cost.injEq; axioms=[propext,
 Quot.sound,
 Classical.choice]
origin=CombinatorialContracts.LowerBoundProgram; declaration=_private.CombinatorialContracts.LowerBoundProgram.0.CombinatorialContracts.LowerBounds.batchCandidates.match_1.splitter; axioms=[propext,
 Classical.choice,
 Quot.sound]
origin=CombinatorialContracts.OracleProgram; declaration=_private.CombinatorialContracts.OracleProgram.0.CombinatorialContracts.OracleProgram.bind.match_1.eq_2; axioms=[propext,
 Classical.choice,
 Quot.sound]
origin=CombinatorialContracts.Tightness; declaration=CombinatorialContracts.Tightness.Singleton.ratio_approaches_n; axioms=[propext,
 Classical.choice,
 Quot.sound]
origin=CombinatorialContracts.RobustOracleProgram; declaration=CombinatorialContracts.OracleProgram.robustProgram_counts; axioms=[propext,
 Quot.sound,
 Classical.choice]
origin=CombinatorialContracts.Tightness; declaration=CombinatorialContracts.Tightness.Singleton.realized._proof_5; axioms=[propext,
 Quot.sound]
origin=CombinatorialContracts.LowerBounds; declaration=CombinatorialContracts.LowerBounds.model; axioms=[propext,
 Quot.sound,
 Classical.choice]
origin=CombinatorialContracts.Model; declaration=CombinatorialContracts.principal_one; axioms=[propext,
 Quot.sound,
 Classical.choice]
origin=CombinatorialContracts.OracleIdentification; declaration=CombinatorialContracts.OracleIdentification.BatchProgram.result._unsafe_rec; axioms=[propext]
origin=CombinatorialContracts.EqualRevenue; declaration=CombinatorialContracts.EqualRevenue.increment.eq_1; axioms=[propext,
 Classical.choice,
 Quot.sound]
origin=CombinatorialContracts.ChainRealization; declaration=CombinatorialContracts.RealizedChain.entry_strict; axioms=[propext,
 Quot.sound,
 Classical.choice]
origin=CombinatorialContracts.OracleIdentification; declaration=_private.CombinatorialContracts.OracleIdentification.0.CombinatorialContracts.OracleIdentification.BatchProgram.result.match_1.splitter; axioms=[]
origin=CombinatorialContracts.Tightness; declaration=CombinatorialContracts.Tightness.Bundle.normalized_unique_optimal_pair; axioms=[propext,
 Classical.choice,
 Quot.sound]
origin=CombinatorialContracts.Algorithm; declaration=CombinatorialContracts.geometricRun.eq_1; axioms=[propext,
 Classical.choice,
 Quot.sound]
origin=CombinatorialContracts.OracleProgram; declaration=CombinatorialContracts.OracleProgram.recordTrace._sunfold; axioms=[propext,
 Classical.choice,
 Quot.sound]
origin=CombinatorialContracts.MainLowerBound; declaration=CombinatorialContracts.LowerBounds.identificationProgram_result; axioms=[propext,
 Classical.choice,
 Quot.sound]
origin=CombinatorialContracts.Tightness; declaration=CombinatorialContracts.Tightness.Singleton.cost._proof_1; axioms=[Classical.choice,
 propext,
 Quot.sound]
origin=CombinatorialContracts.SparseSupply; declaration=_private.CombinatorialContracts.SparseSupply.0.CombinatorialContracts.EqualRevenue.encoding_injective_ordered._proof_1_6; axioms=[propext,
 Quot.sound,
 Classical.choice]
origin=CombinatorialContracts.Tightness; declaration=CombinatorialContracts.Tightness.Singleton.entry_profit._simp_1_3; axioms=[propext]
origin=CombinatorialContracts.Geometric; declaration=CombinatorialContracts.leastGridSteps_mono_base; axioms=[propext,
 Classical.choice,
 Quot.sound]
origin=CombinatorialContracts.EqualRevenue; declaration=CombinatorialContracts.EqualRevenue.binaryIndex_surjective; axioms=[propext,
 Quot.sound,
 Classical.choice]
origin=CombinatorialContracts.Algorithm; declaration=CombinatorialContracts.query_utility_eq_principal; axioms=[propext,
 Quot.sound,
 Classical.choice]
origin=CombinatorialContracts.Tightness; declaration=CombinatorialContracts.Tightness.Singleton.entry_lt_one; axioms=[propext,
 Classical.choice,
 Quot.sound]
origin=CombinatorialContracts.Tightness; declaration=CombinatorialContracts.Tightness.Singleton.cost_empty; axioms=[propext,
 Classical.choice,
 Quot.sound]
origin=CombinatorialContracts.OracleProgram; declaration=CombinatorialContracts.OracleProgram.bind.eq_2; axioms=[propext,
 Classical.choice,
 Quot.sound]
origin=CombinatorialContracts.ChainEnvelope; declaration=CombinatorialContracts.LineChain.utility_lt_at_entry_of_later._proof_1_3; axioms=[propext,
 Quot.sound]
origin=CombinatorialContracts.MainLowerBound; declaration=CombinatorialContracts.LowerBounds.corollary3_exact_lower_bound_ennreal; axioms=[propext,
 Classical.choice,
 Quot.sound]
origin=CombinatorialContracts.OracleIdentification; declaration=CombinatorialContracts.OracleIdentification.BatchProgram._sizeOf_inst; axioms=[]
origin=CombinatorialContracts.Algorithm; declaration=CombinatorialContracts.QueryRecord.query; axioms=[propext,
 Classical.choice,
 Quot.sound]
origin=CombinatorialContracts.ChainEnvelope; declaration=CombinatorialContracts.LineChain.reward; axioms=[propext,
 Classical.choice,
 Quot.sound]
origin=CombinatorialContracts.Robustness; declaration=CombinatorialContracts.gridShares_nonnegative._simp_1_1; axioms=[propext,
 Quot.sound]
origin=CombinatorialContracts.SupplyProgram; declaration=_private.CombinatorialContracts.SupplyProgram.0.CombinatorialContracts.SupplyProgram.eval.match_1.eq_1; axioms=[propext,
 Classical.choice,
 Quot.sound]
origin=CombinatorialContracts.ChainEnvelope; declaration=CombinatorialContracts.LineChain.utility_step_nonneg._proof_1_1; axioms=[propext,
 Quot.sound]
origin=CombinatorialContracts.OracleProgram; declaration=CombinatorialContracts.OracleProgram.algorithm1Program; axioms=[propext,
 Quot.sound,
 Classical.choice]
origin=CombinatorialContracts.OracleProgram; declaration=CombinatorialContracts.OracleProgram.cost.injEq; axioms=[propext,
 Quot.sound,
 Classical.choice]
origin=CombinatorialContracts.OracleIdentification; declaration=CombinatorialContracts.OracleIdentification.BatchProgram.compile.eq_1; axioms=[]
origin=CombinatorialContracts.Robustness; declaration=CombinatorialContracts.widened_reward_scale; axioms=[propext,
 Classical.choice,
 Quot.sound]
origin=CombinatorialContracts.ChainEnvelope; declaration=CombinatorialContracts.LineChain; axioms=[propext,
 Classical.choice,
 Quot.sound]
origin=CombinatorialContracts.Tightness; declaration=CombinatorialContracts.Tightness.Bundle.factor_pos; axioms=[propext,
 Classical.choice,
 Quot.sound]
origin=CombinatorialContracts.Welfare; declaration=CombinatorialContracts.welfare_eq_zero_iff_optimalValue_eq_zero; axioms=[propext,
 Quot.sound,
 Classical.choice]
origin=CombinatorialContracts.OracleProgram; declaration=CombinatorialContracts.OracleProgram.cost.inj; axioms=[propext,
 Quot.sound,
 Classical.choice]
origin=CombinatorialContracts.OracleIdentification; declaration=_private.CombinatorialContracts.OracleIdentification.0.CombinatorialContracts.OracleIdentification.PointProgram.bind.match_1.eq_1; axioms=[]
origin=CombinatorialContracts.LowerBoundStrategy; declaration=CombinatorialContracts.LowerBounds.runStrategyFuel.match_3; axioms=[propext,
 Classical.choice,
 Quot.sound]
origin=CombinatorialContracts.Tightness; declaration=CombinatorialContracts.Tightness.Singleton.singleCost_nonneg; axioms=[propext,
 Classical.choice,
 Quot.sound]
origin=CombinatorialContracts.Tightness; declaration=CombinatorialContracts.Tightness.Singleton.rawCost_nonneg; axioms=[propext,
 Classical.choice,
 Quot.sound]
origin=CombinatorialContracts.OracleIdentification; declaration=CombinatorialContracts.OracleIdentification.BatchProgram.callCost._unsafe_rec; axioms=[propext]
origin=CombinatorialContracts.Tightness; declaration=CombinatorialContracts.Tightness.Singleton.value; axioms=[propext,
 Classical.choice,
 Quot.sound]
origin=CombinatorialContracts.LowerBoundAsymptotics; declaration=CombinatorialContracts.eventually_exponential_supply_lower_bound; axioms=[propext,
 Classical.choice,
 Quot.sound]
origin=CombinatorialContracts.SparseSupply; declaration=_private.CombinatorialContracts.SparseSupply.0.CombinatorialContracts.EqualRevenue.lowBits_extend_two; axioms=[propext,
 Quot.sound]
origin=CombinatorialContracts.OracleIdentification; declaration=CombinatorialContracts.OracleIdentification.batchAnswer.eq_1; axioms=[propext]
origin=CombinatorialContracts.Tightness; declaration=CombinatorialContracts.Tightness.Bundle.chain._simp_12; axioms=[propext]
origin=CombinatorialContracts.Model; declaration=CombinatorialContracts.Model.casesOn; axioms=[propext,
 Quot.sound,
 Classical.choice]
origin=CombinatorialContracts.SupplySimulation; declaration=CombinatorialContracts.LowerBounds.supplyAnswer.match_1; axioms=[]
origin=CombinatorialContracts.OracleProgram; declaration=CombinatorialContracts.OracleProgram.bind.match_1; axioms=[propext,
 Classical.choice,
 Quot.sound]
origin=CombinatorialContracts.LowerBoundStrategy; declaration=CombinatorialContracts.LowerBounds.unrollStrategy; axioms=[propext,
 Classical.choice,
 Quot.sound]
origin=CombinatorialContracts.LowerBounds; declaration=CombinatorialContracts.LowerBounds.profitable_contract_interval._proof_1_2; axioms=[propext,
 Classical.choice,
 Quot.sound]
origin=CombinatorialContracts.ChainEnvelope; declaration=CombinatorialContracts.LineChain.utility_le_at_entry._proof_1_3; axioms=[propext,
 Quot.sound]
origin=CombinatorialContracts.LowerBounds; declaration=CombinatorialContracts.LowerBounds.nonhidden_profit_le_one._proof_1_1; axioms=[propext,
 Classical.choice,
 Quot.sound]
origin=CombinatorialContracts.SupplyProgram; declaration=CombinatorialContracts.SupplyProgram.ctorIdx; axioms=[propext,
 Classical.choice,
 Quot.sound]
origin=CombinatorialContracts.OracleIdentification; declaration=CombinatorialContracts.OracleIdentification.PointProgram.probes._sunfold; axioms=[]
origin=CombinatorialContracts.OracleIdentification; declaration=CombinatorialContracts.OracleIdentification.PointProgram.result.eq_1; axioms=[]
origin=CombinatorialContracts.EndpointRegression; declaration=CombinatorialContracts.EndpointRegression.empty_ground_welfare; axioms=[propext,
 Quot.sound,
 Classical.choice]
origin=CombinatorialContracts.Tightness; declaration=CombinatorialContracts.Tightness.Bundle.sets_one; axioms=[propext,
 Quot.sound,
 Classical.choice]
origin=CombinatorialContracts.Scaling; declaration=CombinatorialContracts.scaledModel.congr_simp; axioms=[propext,
 Quot.sound,
 Classical.choice]
origin=CombinatorialContracts.LowerBounds; declaration=CombinatorialContracts.LowerBounds.accuracy_binary_bounds._proof_1_3; axioms=[propext,
 Quot.sound]
origin=CombinatorialContracts.Tightness; declaration=CombinatorialContracts.Tightness.Singleton.realized._proof_15; axioms=[propext,
 Classical.choice,
 Quot.sound]
origin=CombinatorialContracts.LowerBounds; declaration=CombinatorialContracts.LowerBounds.nonhidden_profit_le_one._proof_1_2; axioms=[propext,
 Classical.choice,
 Quot.sound]
origin=CombinatorialContracts.SupplyProgram; declaration=CombinatorialContracts.SupplyProgram.bind._sunfold; axioms=[propext,
 Classical.choice,
 Quot.sound]
origin=CombinatorialContracts.OracleProgram; declaration=CombinatorialContracts.QueryKind.cost; axioms=[]
origin=CombinatorialContracts.OracleIdentification; declaration=CombinatorialContracts.OracleIdentification.BatchProgram.compile_supply_probes_le; axioms=[propext,
 Quot.sound,
 Classical.choice]
origin=CombinatorialContracts.Tightness; declaration=CombinatorialContracts.Tightness.Bundle.a_strictMono; axioms=[propext,
 Classical.choice,
 Quot.sound]
origin=CombinatorialContracts.Geometric; declaration=CombinatorialContracts.leastGridSteps_add_one_bound; axioms=[propext,
 Classical.choice,
 Quot.sound]
origin=CombinatorialContracts.LowerBounds; declaration=CombinatorialContracts.LowerBounds.hidden_isResponse._proof_1_3; axioms=[propext,
 Quot.sound]
origin=CombinatorialContracts.ChainRealization; declaration=CombinatorialContracts.RealizedChain.sets; axioms=[propext,
 Quot.sound,
 Classical.choice]
origin=CombinatorialContracts.SparseSupply; declaration=_private.CombinatorialContracts.SparseSupply.0.CombinatorialContracts.EqualRevenue.bitAt_eq_iff; axioms=[propext,
 Quot.sound]
origin=CombinatorialContracts.LowerBoundStrategy; declaration=CombinatorialContracts.LowerBounds.StrategyAction._sizeOf_1; axioms=[propext,
 Classical.choice,
 Quot.sound]
origin=CombinatorialContracts.OracleProgram; declaration=CombinatorialContracts.OracleProgram.algorithm1Program.eq_1; axioms=[propext,
 Quot.sound,
 Classical.choice]
origin=CombinatorialContracts.ChainEnvelope; declaration=CombinatorialContracts.LineChain.utility_lt_at_entry_of_later; axioms=[propext,
 Classical.choice,
 Quot.sound]
origin=CombinatorialContracts.Tightness; declaration=CombinatorialContracts.Tightness.Bundle.bCost.eq_2; axioms=[propext,
 Classical.choice,
 Quot.sound]
origin=CombinatorialContracts.Robustness; declaration=CombinatorialContracts.approximate_undershoot_payoff; axioms=[propext,
 Quot.sound,
 Classical.choice]
origin=CombinatorialContracts.OracleProgram; declaration=CombinatorialContracts.OracleProgram.recordTrace.eq_1; axioms=[propext,
 Classical.choice,
 Quot.sound]
origin=CombinatorialContracts.OracleProgram; declaration=CombinatorialContracts.OracleProgram._sizeOf_inst; axioms=[propext,
 Classical.choice,
 Quot.sound]
origin=CombinatorialContracts.OracleIdentification; declaration=CombinatorialContracts.OracleIdentification.BatchProgram.expectedCost; axioms=[propext,
 Quot.sound,
 Classical.choice]
origin=CombinatorialContracts.ChainRealization; declaration=CombinatorialContracts.RealizedChain.mk; axioms=[propext,
 Quot.sound,
 Classical.choice]
origin=CombinatorialContracts.EqualRevenue; declaration=CombinatorialContracts.EqualRevenue.harmonic_zero; axioms=[propext,
 Classical.choice,
 Quot.sound]
origin=CombinatorialContracts.LowerBounds; declaration=CombinatorialContracts.LowerBounds.optimalValue_eq_hidden; axioms=[propext,
 Classical.choice,
 Quot.sound]
origin=CombinatorialContracts.Algorithm; declaration=CombinatorialContracts.QueryRecord.query_response; axioms=[propext,
 Classical.choice,
 Quot.sound]
origin=CombinatorialContracts.Tightness; declaration=CombinatorialContracts.Tightness.Bundle.entry_profit_zero; axioms=[propext,
 Classical.choice,
 Quot.sound]
origin=CombinatorialContracts.OracleIdentification; declaration=CombinatorialContracts.OracleIdentification.BatchProgram.casesOn; axioms=[]
origin=CombinatorialContracts.Tightness; declaration=CombinatorialContracts.Tightness.Bundle.b_ne_A; axioms=[propext,
 Quot.sound,
 Classical.choice]
origin=CombinatorialContracts.OracleProgram; declaration=CombinatorialContracts.OracleProgram.queryRecords.match_1; axioms=[propext,
 Classical.choice,
 Quot.sound]
origin=CombinatorialContracts.LowerBoundProgram; declaration=CombinatorialContracts.LowerBounds.compileSupplyProgram_callCost; axioms=[propext,
 Classical.choice,
 Quot.sound]
origin=CombinatorialContracts.LowerBounds; declaration=CombinatorialContracts.LowerBounds.chain; axioms=[propext,
 Classical.choice,
 Quot.sound]
origin=CombinatorialContracts.OracleProgram; declaration=CombinatorialContracts.OracleProgram.readTable.eq_2; axioms=[propext,
 Classical.choice,
 Quot.sound]
origin=CombinatorialContracts.Model; declaration=CombinatorialContracts.Model.mk._flat_ctor; axioms=[propext,
 Quot.sound,
 Classical.choice]
origin=CombinatorialContracts.Model; declaration=CombinatorialContracts.exists_response; axioms=[propext,
 Quot.sound,
 Classical.choice]
origin=CombinatorialContracts.SupplyProgram; declaration=CombinatorialContracts.SupplyProgram.eval.eq_3; axioms=[propext,
 Classical.choice,
 Quot.sound]
origin=CombinatorialContracts.OracleProgram; declaration=CombinatorialContracts.QueryKind.noConfusion; axioms=[]
origin=CombinatorialContracts.Tightness; declaration=CombinatorialContracts.Tightness.Singleton.entry; axioms=[propext,
 Classical.choice,
 Quot.sound]
origin=CombinatorialContracts.LowerBounds; declaration=CombinatorialContracts.LowerBounds.chain._proof_6; axioms=[propext,
 Classical.choice,
 Quot.sound]
origin=CombinatorialContracts.ChainEnvelope; declaration=CombinatorialContracts.LineChain.utility_step; axioms=[propext,
 Classical.choice,
 Quot.sound]
origin=CombinatorialContracts.OracleProgram; declaration=CombinatorialContracts.OracleProgram.queryRecords; axioms=[propext,
 Classical.choice,
 Quot.sound]
origin=CombinatorialContracts.OracleIdentification; declaration=_private.CombinatorialContracts.OracleIdentification.0.CombinatorialContracts.OracleIdentification.probeSum_ask_of_mem; axioms=[propext,
 Quot.sound,
 Classical.choice]
origin=CombinatorialContracts.Algorithm; declaration=CombinatorialContracts.QueryRecord.share; axioms=[propext,
 Classical.choice,
 Quot.sound]
origin=CombinatorialContracts.Geometric; declaration=CombinatorialContracts.leastGridSteps.eq_1; axioms=[propext,
 Classical.choice,
 Quot.sound]
origin=CombinatorialContracts.OracleIdentification; declaration=CombinatorialContracts.OracleIdentification.BatchProgram; axioms=[]
origin=CombinatorialContracts.LowerBoundStrategy; declaration=_private.CombinatorialContracts.LowerBoundStrategy.0.CombinatorialContracts.LowerBounds.runStrategyFuel.match_3.splitter; axioms=[propext,
 Classical.choice,
 Quot.sound]
origin=CombinatorialContracts.Model; declaration=CombinatorialContracts.welfare_max; axioms=[propext,
 Quot.sound,
 Classical.choice]
origin=CombinatorialContracts.SupplyProgram; declaration=CombinatorialContracts.SupplyProgram.reward.elim; axioms=[propext,
 Classical.choice,
 Quot.sound]
origin=CombinatorialContracts.OracleProgram; declaration=CombinatorialContracts.OracleProgram.readTable._sunfold; axioms=[propext,
 Classical.choice,
 Quot.sound]
origin=CombinatorialContracts.Tightness; declaration=CombinatorialContracts.Tightness.Singleton.welfare_eq; axioms=[propext,
 Classical.choice,
 Quot.sound]
origin=CombinatorialContracts.SparseSupply; declaration=_private.CombinatorialContracts.SparseSupply.0.CombinatorialContracts.EqualRevenue.cost_add_gap._proof_1_1; axioms=[propext,
 Quot.sound]
origin=CombinatorialContracts.SparseSupply; declaration=_private.CombinatorialContracts.SparseSupply.0.CombinatorialContracts.EqualRevenue.rightEnd_of_not_mem; axioms=[propext,
 Quot.sound,
 Classical.choice]
origin=CombinatorialContracts.LowerBounds; declaration=CombinatorialContracts.LowerBounds.hidden_entry_lt_one; axioms=[propext,
 Classical.choice,
 Quot.sound]
origin=CombinatorialContracts.LowerBoundAsymptotics; declaration=CombinatorialContracts.eventually_exponential_supply_lower_bound._proof_1_1; axioms=[propext,
 Quot.sound]
origin=CombinatorialContracts.OracleProgram; declaration=CombinatorialContracts.OracleProgram.cachedRecords._sunfold; axioms=[propext,
 Classical.choice,
 Quot.sound]
origin=CombinatorialContracts.Tightness; declaration=CombinatorialContracts.Tightness.Singleton.chain._proof_2; axioms=[propext,
 Classical.choice,
 Quot.sound]
origin=CombinatorialContracts.LowerBounds; declaration=CombinatorialContracts.LowerBounds.decoding_unique._proof_1_4; axioms=[propext,
 Quot.sound]
origin=CombinatorialContracts.SparseSupply; declaration=_private.CombinatorialContracts.SparseSupply.0.CombinatorialContracts.EqualRevenue.lowBits_antitone; axioms=[propext,
 Quot.sound,
 Classical.choice]
origin=CombinatorialContracts.Tightness; declaration=CombinatorialContracts.Tightness.Singleton.cost.eq_1; axioms=[propext,
 Classical.choice,
 Quot.sound]
origin=CombinatorialContracts.OracleProgram; declaration=CombinatorialContracts.OracleProgram.reward.injEq; axioms=[propext,
 Quot.sound,
 Classical.choice]
origin=CombinatorialContracts.LowerBounds; declaration=CombinatorialContracts.LowerBounds.perturbedCost_nonneg._proof_1_1; axioms=[propext,
 Quot.sound]
origin=CombinatorialContracts.MainLowerBound; declaration=_private.CombinatorialContracts.MainLowerBound.0.CombinatorialContracts.LowerBounds.exponential_bound_of_score; axioms=[propext,
 Classical.choice,
 Quot.sound]
origin=CombinatorialContracts.LowerBounds; declaration=CombinatorialContracts.LowerBounds.model._proof_7; axioms=[propext,
 Quot.sound,
 Classical.choice]
origin=CombinatorialContracts.OracleProgram; declaration=CombinatorialContracts.OracleProgram.tableValues.eq_2; axioms=[propext,
 Quot.sound,
 Classical.choice]
origin=CombinatorialContracts.ChainEnvelope; declaration=CombinatorialContracts.LineChain.casesOn; axioms=[propext,
 Classical.choice,
 Quot.sound]
origin=CombinatorialContracts.Tightness; declaration=CombinatorialContracts.Tightness.Bundle.D_step._simp_1_4; axioms=[propext]
origin=CombinatorialContracts.Algorithm; declaration=CombinatorialContracts.OracleRun.output; axioms=[propext,
 Classical.choice,
 Quot.sound]
origin=CombinatorialContracts.OracleIdentification; declaration=CombinatorialContracts.OracleIdentification.PointProgram.bind; axioms=[]
origin=CombinatorialContracts.SparseSupply; declaration=_private.CombinatorialContracts.SparseSupply.0.CombinatorialContracts.EqualRevenue.exists_ambiguous_or_end; axioms=[propext,
 Quot.sound,
 Classical.choice]
origin=CombinatorialContracts.Model; declaration=CombinatorialContracts.agentUtility_response_zero; axioms=[propext,
 Quot.sound,
 Classical.choice]
origin=CombinatorialContracts.OracleIdentification; declaration=_private.CombinatorialContracts.OracleIdentification.0.CombinatorialContracts.OracleIdentification.PointProgram.result.match_1.eq_2; axioms=[]
origin=CombinatorialContracts.ChainRealization; declaration=CombinatorialContracts.RealizedChain.unique_optimal_pair; axioms=[propext,
 Quot.sound,
 Classical.choice]
origin=CombinatorialContracts.OracleProgram; declaration=CombinatorialContracts.QueryKind.cost.sizeOf_spec; axioms=[]
origin=CombinatorialContracts.OracleIdentification; declaration=CombinatorialContracts.OracleIdentification.PointProgram.ctorIdx; axioms=[]
origin=CombinatorialContracts.ChainRealization; declaration=CombinatorialContracts.RealizedChain.rec; axioms=[propext,
 Quot.sound,
 Classical.choice]
origin=CombinatorialContracts.EqualRevenue; declaration=CombinatorialContracts.EqualRevenue.utility_add_le._proof_1_3; axioms=[propext,
 Quot.sound]
origin=CombinatorialContracts.OracleProgram; declaration=CombinatorialContracts.OracleProgram.recordTrace._unsafe_rec; axioms=[propext,
 Classical.choice,
 Quot.sound]
origin=CombinatorialContracts.Tightness; declaration=CombinatorialContracts.Tightness.Bundle.total_reward_pos; axioms=[propext,
 Classical.choice,
 Quot.sound]
origin=CombinatorialContracts.RobustOracleProgram; declaration=CombinatorialContracts.OracleProgram.robustProgram_approximation; axioms=[propext,
 Quot.sound,
 Classical.choice]
origin=CombinatorialContracts.OracleProgram; declaration=CombinatorialContracts.OracleProgram.bind.eq_3; axioms=[propext,
 Classical.choice,
 Quot.sound]
origin=CombinatorialContracts.Algorithm; declaration=CombinatorialContracts.length_gridShares_le; axioms=[propext,
 Classical.choice,
 Quot.sound]
origin=CombinatorialContracts.LowerBounds; declaration=CombinatorialContracts.LowerBounds.unique_optimal_contract._proof_1_3; axioms=[propext,
 Classical.choice,
 Quot.sound]
origin=CombinatorialContracts.Scale; declaration=CombinatorialContracts.reward_anchored_grid_scale; axioms=[propext,
 Quot.sound,
 Classical.choice]
origin=CombinatorialContracts.SparseSupply; declaration=_private.CombinatorialContracts.SparseSupply.0.CombinatorialContracts.EqualRevenue.cost_add_gap._proof_1_2; axioms=[propext,
 Quot.sound]
origin=CombinatorialContracts.OracleIdentification; declaration=CombinatorialContracts.OracleIdentification.pointBatch._sunfold; axioms=[]
origin=CombinatorialContracts.ChainRealization; declaration=CombinatorialContracts.RealizedChain.principal_le_of_entry_le; axioms=[propext,
 Quot.sound,
 Classical.choice]
origin=CombinatorialContracts.Tightness; declaration=_private.CombinatorialContracts.Tightness.0.CombinatorialContracts.Tightness.Bundle.sets.match_1.splitter; axioms=[]
origin=CombinatorialContracts.EqualRevenue; declaration=CombinatorialContracts.EqualRevenue.welfare_eq_harmonic; axioms=[propext,
 Classical.choice,
 Quot.sound]
origin=CombinatorialContracts.OracleProgram; declaration=CombinatorialContracts.OracleProgram.tableValues.congr_simp; axioms=[propext,
 Quot.sound,
 Classical.choice]
origin=CombinatorialContracts.LowerBoundStrategy; declaration=CombinatorialContracts.LowerBounds.StrategyObservation._sizeOf_1; axioms=[propext,
 Classical.choice,
 Quot.sound]
origin=CombinatorialContracts.PaperStatements; declaration=CombinatorialContracts.Paper.theorem7_empty; axioms=[propext,
 Quot.sound,
 Classical.choice]
origin=CombinatorialContracts.Tightness; declaration=CombinatorialContracts.Tightness.Singleton.sets.eq_2; axioms=[propext,
 Quot.sound]
origin=CombinatorialContracts.ChainRealization; declaration=CombinatorialContracts.RealizedChain.noConfusionType; axioms=[propext,
 Quot.sound,
 Classical.choice]
origin=CombinatorialContracts.LowerBoundStrategy; declaration=CombinatorialContracts.LowerBounds.StrategyAction.supply.noConfusion; axioms=[propext,
 Classical.choice,
 Quot.sound]
origin=CombinatorialContracts.Tightness; declaration=CombinatorialContracts.Tightness.Singleton.welfare_ratio._proof_1; axioms=[propext,
 Quot.sound]
origin=CombinatorialContracts.Algorithm; declaration=CombinatorialContracts.score_le_bestOf._simp_1_8; axioms=[propext]
origin=CombinatorialContracts.LowerBounds; declaration=CombinatorialContracts.LowerBounds.hiddenIndices.eq_1; axioms=[propext,
 Quot.sound,
 Classical.choice]
origin=CombinatorialContracts.ChainEnvelope; declaration=CombinatorialContracts.LineChain.utility_lt_at_entry_of_later._proof_1_7; axioms=[propext,
 Quot.sound]
origin=CombinatorialContracts.PaperStatements; declaration=CombinatorialContracts.Paper.theorem7; axioms=[propext,
 Quot.sound,
 Classical.choice]
origin=CombinatorialContracts.OracleProgram; declaration=CombinatorialContracts.OracleProgram.eval_bind; axioms=[propext,
 Classical.choice,
 Quot.sound]
origin=CombinatorialContracts.OracleIdentification; declaration=CombinatorialContracts.OracleIdentification.PointProgram.rec; axioms=[]
origin=CombinatorialContracts.LowerBoundStrategy; declaration=CombinatorialContracts.LowerBounds.StrategyObservation.reward.injEq; axioms=[propext,
 Quot.sound,
 Classical.choice]
origin=CombinatorialContracts.Algorithm; declaration=CombinatorialContracts.algorithm1; axioms=[propext,
 Quot.sound,
 Classical.choice]
origin=CombinatorialContracts.OracleProgram; declaration=CombinatorialContracts.OracleProgram.recordTrace.eq_2; axioms=[propext,
 Classical.choice,
 Quot.sound]
origin=CombinatorialContracts.FiniteEnvelope; declaration=CombinatorialContracts.FiniteEnvelope.exists_active; axioms=[propext,
 Quot.sound,
 Classical.choice]
origin=CombinatorialContracts.SparseSupply; declaration=CombinatorialContracts.EqualRevenue.card_le_of_pairBound; axioms=[propext,
 Quot.sound,
 Classical.choice]
origin=CombinatorialContracts.SparseSupply; declaration=_private.CombinatorialContracts.SparseSupply.0.CombinatorialContracts.EqualRevenue.minAmb_spec; axioms=[propext,
 Quot.sound,
 Classical.choice]
origin=CombinatorialContracts.SparseSupply; declaration=CombinatorialContracts.EqualRevenue.approxSupply_card_explicit; axioms=[propext,
 Classical.choice,
 Quot.sound]
origin=CombinatorialContracts.LowerBoundStrategy; declaration=CombinatorialContracts.LowerBounds.unrollStrategy.eq_1; axioms=[propext,
 Classical.choice,
 Quot.sound]
origin=CombinatorialContracts.ChainRealization; declaration=CombinatorialContracts.RealizedChain.principal_le_of_entry_le._proof_1_2; axioms=[propext,
 Quot.sound]
origin=CombinatorialContracts.Tightness; declaration=CombinatorialContracts.Tightness.Bundle.realized._proof_5; axioms=[propext,
 Quot.sound]
origin=CombinatorialContracts.OracleProgram; declaration=CombinatorialContracts.OracleProgram.bind.eq_1; axioms=[propext,
 Classical.choice,
 Quot.sound]
origin=CombinatorialContracts.OracleIdentification; declaration=CombinatorialContracts.OracleIdentification.BatchProgram.map; axioms=[]
origin=CombinatorialContracts.LowerBoundStrategy; declaration=CombinatorialContracts.LowerBounds.StrategyObservation.cost.noConfusion; axioms=[propext,
 Quot.sound,
 Classical.choice]
origin=CombinatorialContracts.OracleProgram; declaration=CombinatorialContracts.OracleProgram.eval.match_1; axioms=[propext,
 Classical.choice,
 Quot.sound]
origin=CombinatorialContracts.SupplyProgram; declaration=_private.CombinatorialContracts.SupplyProgram.0.CombinatorialContracts.SupplyProgram.bind.match_1.eq_3; axioms=[propext,
 Classical.choice,
 Quot.sound]
origin=CombinatorialContracts.Tightness; declaration=CombinatorialContracts.Tightness.Bundle.D; axioms=[propext,
 Classical.choice,
 Quot.sound]
origin=CombinatorialContracts.Model; declaration=CombinatorialContracts.Model.rec; axioms=[propext,
 Quot.sound,
 Classical.choice]
origin=CombinatorialContracts.SupplyProgram; declaration=CombinatorialContracts.SupplyProgram.algorithm; axioms=[propext,
 Quot.sound,
 Classical.choice]
origin=CombinatorialContracts.LowerBounds; declaration=CombinatorialContracts.LowerBounds.decode.eq_1; axioms=[propext,
 Classical.choice,
 Quot.sound]
origin=CombinatorialContracts.OracleProgram; declaration=CombinatorialContracts.OracleProgram.eval.eq_4; axioms=[propext,
 Classical.choice,
 Quot.sound]
origin=CombinatorialContracts.PaperStatements; declaration=CombinatorialContracts.Paper.theorem1_empty; axioms=[propext,
 Quot.sound,
 Classical.choice]
origin=CombinatorialContracts.Tightness; declaration=CombinatorialContracts.Tightness.Singleton.optimalValue_eq._proof_1_1; axioms=[propext,
 Quot.sound]
origin=CombinatorialContracts.OracleProgram; declaration=CombinatorialContracts.QueryKind.reward.elim; axioms=[]
origin=CombinatorialContracts.SupplyProgram; declaration=CombinatorialContracts.SupplyProgram.translate.match_1; axioms=[propext,
 Classical.choice,
 Quot.sound]
origin=CombinatorialContracts.MainLowerBound; declaration=CombinatorialContracts.LowerBounds.exists_hidden_expected_supply_ge_average; axioms=[propext,
 Classical.choice,
 Quot.sound]
origin=CombinatorialContracts.Tightness; declaration=CombinatorialContracts.Tightness.Singleton.value.eq_1; axioms=[propext,
 Classical.choice,
 Quot.sound]
origin=CombinatorialContracts.SupplyProgram; declaration=CombinatorialContracts.SupplyProgram.reward.sizeOf_spec; axioms=[propext,
 Quot.sound,
 Classical.choice]
origin=CombinatorialContracts.LowerBoundStrategy; declaration=CombinatorialContracts.LowerBounds.StrategyObservation.reward.elim; axioms=[propext,
 Classical.choice,
 Quot.sound]
origin=CombinatorialContracts.OracleIdentification; declaration=CombinatorialContracts.OracleIdentification.BatchProgram.compile_result; axioms=[propext]
origin=CombinatorialContracts.EqualRevenue; declaration=CombinatorialContracts.EqualRevenue.critical_isResponse._simp_1_1; axioms=[propext,
 Classical.choice,
 Quot.sound]
origin=CombinatorialContracts.LowerBounds; declaration=CombinatorialContracts.LowerBounds.decoding_unique._proof_1_2; axioms=[propext,
 Quot.sound]
origin=CombinatorialContracts.SupplyProgram; declaration=CombinatorialContracts.SupplyProgram.bind; axioms=[propext,
 Classical.choice,
 Quot.sound]
origin=CombinatorialContracts.FiniteEnvelope; declaration=CombinatorialContracts.FiniteEnvelope.active_slope_le; axioms=[propext,
 Classical.choice,
 Quot.sound]
origin=CombinatorialContracts.LowerBoundProgram; declaration=CombinatorialContracts.LowerBounds.compileSupplyProgram.eq_4; axioms=[propext,
 Quot.sound,
 Classical.choice]
origin=CombinatorialContracts.Tightness; declaration=CombinatorialContracts.Tightness.additiveModel; axioms=[propext,
 Quot.sound,
 Classical.choice]
origin=CombinatorialContracts.OracleProgram; declaration=CombinatorialContracts.OracleProgram._sizeOf_1; axioms=[propext,
 Classical.choice,
 Quot.sound]
origin=CombinatorialContracts.Model; declaration=CombinatorialContracts.optimum; axioms=[propext,
 Quot.sound,
 Classical.choice]
origin=CombinatorialContracts.Tightness; declaration=CombinatorialContracts.Tightness.Bundle.entry_profit_succ; axioms=[propext,
 Classical.choice,
 Quot.sound]
origin=CombinatorialContracts.MainLowerBound; declaration=CombinatorialContracts.LowerBounds.exists_hidden_at_least_mean; axioms=[propext,
 Classical.choice,
 Quot.sound]
origin=CombinatorialContracts.OracleProgram; declaration=CombinatorialContracts.OracleProgram.eval.eq_1; axioms=[propext,
 Classical.choice,
 Quot.sound]
origin=CombinatorialContracts.ChainRealization; declaration=CombinatorialContracts.RealizedChain.utility_entry_nonneg; axioms=[propext,
 Quot.sound,
 Classical.choice]
origin=CombinatorialContracts.MainLowerBound; declaration=CombinatorialContracts.LowerBounds.theorem8_high_accuracy_ennreal._proof_1_1; axioms=[propext,
 Quot.sound]
origin=CombinatorialContracts.Tightness; declaration=CombinatorialContracts.Tightness.Singleton.sets; axioms=[propext,
 Quot.sound]
origin=CombinatorialContracts.Tightness; declaration=CombinatorialContracts.Tightness.Singleton.model._proof_1; axioms=[propext,
 Classical.choice,
 Quot.sound]
origin=CombinatorialContracts.OracleIdentification; declaration=_private.CombinatorialContracts.OracleIdentification.0.CombinatorialContracts.OracleIdentification.successSum_pure_le_one; axioms=[propext,
 Quot.sound,
 Classical.choice]
origin=CombinatorialContracts.EqualRevenue; declaration=CombinatorialContracts.EqualRevenue.binaryIndex_injective._proof_1_1; axioms=[propext,
 Quot.sound]
origin=CombinatorialContracts.Tightness; declaration=CombinatorialContracts.Tightness.Bundle.unique_optimal_response_pair; axioms=[propext,
 Classical.choice,
 Quot.sound]
origin=CombinatorialContracts.LowerBoundStrategy; declaration=CombinatorialContracts.LowerBounds.runStrategyFuel._sunfold; axioms=[propext,
 Classical.choice,
 Quot.sound]
origin=CombinatorialContracts.LowerBoundStrategy; declaration=CombinatorialContracts.LowerBounds.StrategyAction.reward.inj; axioms=[propext,
 Quot.sound,
 Classical.choice]
origin=CombinatorialContracts.Robustness; declaration=CombinatorialContracts.robustAlgorithm_query_count; axioms=[propext,
 Quot.sound,
 Classical.choice]
origin=CombinatorialContracts.Tightness; declaration=CombinatorialContracts.Tightness.Bundle.sets_add_two; axioms=[propext,
 Quot.sound,
 Classical.choice]
origin=CombinatorialContracts.LowerBoundStrategy; declaration=CombinatorialContracts.LowerBounds.StrategyObservation.noConfusion; axioms=[propext,
 Classical.choice,
 Quot.sound]
origin=CombinatorialContracts.EqualRevenue; declaration=CombinatorialContracts.EqualRevenue.increment_strictMono; axioms=[propext,
 Classical.choice,
 Quot.sound]
origin=CombinatorialContracts.SupplyProgram; declaration=CombinatorialContracts.SupplyProgram.supply.injEq; axioms=[propext,
 Classical.choice,
 Quot.sound]
origin=CombinatorialContracts.OracleIdentification; declaration=CombinatorialContracts.OracleIdentification.BatchProgram.callCost_mul; axioms=[propext]
origin=CombinatorialContracts.ChainEnvelope; declaration=CombinatorialContracts.LineChain.entry_le_of_predecessor_le; axioms=[propext,
 Classical.choice,
 Quot.sound]
origin=CombinatorialContracts.LowerBounds; declaration=CombinatorialContracts.LowerBounds.decode_correct; axioms=[propext,
 Quot.sound,
 Classical.choice]
origin=CombinatorialContracts.ChainEnvelope; declaration=CombinatorialContracts.LineChain.noConfusion; axioms=[propext,
 Classical.choice,
 Quot.sound]
origin=CombinatorialContracts.LowerBounds; declaration=CombinatorialContracts.LowerBounds.model._proof_9; axioms=[propext,
 Quot.sound,
 Classical.choice]
origin=CombinatorialContracts.ChainRealization; declaration=CombinatorialContracts.RealizedChain.reward_zero; axioms=[propext,
 Quot.sound,
 Classical.choice]
origin=CombinatorialContracts.RobustOracleProgram; declaration=CombinatorialContracts.OracleProgram.evalIndexed.eq_4; axioms=[propext,
 Classical.choice,
 Quot.sound]
origin=CombinatorialContracts.LowerBoundStrategy; declaration=CombinatorialContracts.LowerBounds.StrategyObservation; axioms=[propext,
 Classical.choice,
 Quot.sound]
origin=CombinatorialContracts.OracleProgram; declaration=CombinatorialContracts.OracleProgram.eval_algorithm1Program; axioms=[propext,
 Quot.sound,
 Classical.choice]
origin=CombinatorialContracts.Tightness; declaration=CombinatorialContracts.Tightness.Singleton.bestResponse_card_le_one._proof_1_1; axioms=[propext,
 Quot.sound]
origin=CombinatorialContracts.Scaling; declaration=CombinatorialContracts.scaledModel.eq_1; axioms=[propext,
 Quot.sound,
 Classical.choice]
origin=CombinatorialContracts.OracleProgram; declaration=CombinatorialContracts.OracleProgram.eval_cachedGeometricProgram; axioms=[propext,
 Quot.sound,
 Classical.choice]
origin=CombinatorialContracts.LowerBounds; declaration=CombinatorialContracts.LowerBounds.decodeNat_correct; axioms=[propext,
 Quot.sound,
 Classical.choice]
origin=CombinatorialContracts.EqualRevenue; declaration=CombinatorialContracts.EqualRevenue.cost_one; axioms=[propext,
 Classical.choice,
 Quot.sound]
origin=CombinatorialContracts.EndpointRegression; declaration=CombinatorialContracts.EndpointRegression.empty_ground_optimalValue; axioms=[propext,
 Quot.sound,
 Classical.choice]
origin=CombinatorialContracts.EqualRevenue; declaration=CombinatorialContracts.EqualRevenue.utility_later_lt_entry; axioms=[propext,
 Classical.choice,
 Quot.sound]
origin=CombinatorialContracts.ChainRealization; declaration=CombinatorialContracts.RealizedChain.reward_eq; axioms=[propext,
 Quot.sound,
 Classical.choice]
origin=CombinatorialContracts.Robustness; declaration=CombinatorialContracts.robustAlgorithm; axioms=[propext,
 Quot.sound,
 Classical.choice]
origin=CombinatorialContracts.MainLowerBound; declaration=CombinatorialContracts.LowerBounds.approximationProbability_nonneg; axioms=[propext,
 Classical.choice,
 Quot.sound]
origin=CombinatorialContracts.FiniteEnvelope; declaration=CombinatorialContracts.FiniteEnvelope.IsActive; axioms=[propext,
 Classical.choice,
 Quot.sound]
origin=CombinatorialContracts.Tightness; declaration=CombinatorialContracts.Tightness.Bundle.normalized_anchor; axioms=[propext,
 Classical.choice,
 Quot.sound]
origin=CombinatorialContracts.MainLowerBound; declaration=CombinatorialContracts.LowerBounds.exactProbability_le_approximation; axioms=[propext,
 Classical.choice,
 Quot.sound]
origin=CombinatorialContracts.EqualRevenue; declaration=CombinatorialContracts.EqualRevenue.binaryIndex_mono; axioms=[propext,
 Quot.sound,
 Classical.choice]
origin=CombinatorialContracts.LowerBounds; declaration=CombinatorialContracts.LowerBounds.decode_correct._proof_1_5; axioms=[propext,
 Quot.sound,
 Classical.choice]
origin=CombinatorialContracts.LowerBounds; declaration=CombinatorialContracts.LowerBounds.perturbedIncrement.eq_1; axioms=[propext,
 Classical.choice,
 Quot.sound]
origin=CombinatorialContracts.LowerBoundAsymptotics; declaration=CombinatorialContracts.shifted_polynomial_littleO; axioms=[propext,
 Classical.choice,
 Quot.sound]
origin=CombinatorialContracts.OracleIdentification; declaration=CombinatorialContracts.OracleIdentification.BatchProgram.callCost._sunfold; axioms=[propext]
origin=CombinatorialContracts.EqualRevenue; declaration=CombinatorialContracts.EqualRevenue.harmonic_add; axioms=[propext,
 Classical.choice,
 Quot.sound]
origin=CombinatorialContracts.OracleProgram; declaration=_private.CombinatorialContracts.OracleProgram.0.CombinatorialContracts.OracleProgram.queryRecords.match_1.splitter; axioms=[propext,
 Classical.choice,
 Quot.sound]
origin=CombinatorialContracts.RobustOracleProgram; declaration=_private.CombinatorialContracts.RobustOracleProgram.0.CombinatorialContracts.OracleProgram.evalIndexed.match_1.eq_2; axioms=[propext,
 Classical.choice,
 Quot.sound]
origin=CombinatorialContracts.LowerBoundStrategy; declaration=CombinatorialContracts.LowerBounds.StrategyAction.halt.injEq; axioms=[propext,
 Classical.choice,
 Quot.sound]
origin=CombinatorialContracts.Algorithm; declaration=CombinatorialContracts.gridShares.eq_1; axioms=[propext,
 Classical.choice,
 Quot.sound]
origin=CombinatorialContracts.OracleProgram; declaration=CombinatorialContracts.QueryKind.ctorIdx; axioms=[]
origin=CombinatorialContracts.Model; declaration=CombinatorialContracts.Model.mk.sizeOf_spec; axioms=[propext,
 Quot.sound,
 Classical.choice]
origin=CombinatorialContracts.LowerBounds; declaration=CombinatorialContracts.LowerBounds.model._proof_2; axioms=[propext,
 Classical.choice,
 Quot.sound]
origin=CombinatorialContracts.OracleProgram; declaration=CombinatorialContracts.OracleProgram.pure.noConfusion; axioms=[propext,
 Classical.choice,
 Quot.sound]
origin=CombinatorialContracts.OracleProgram; declaration=CombinatorialContracts.OracleProgram.cachedTrace; axioms=[propext,
 Quot.sound,
 Classical.choice]
origin=CombinatorialContracts.OracleIdentification; declaration=CombinatorialContracts.OracleIdentification.BatchProgram.callCost.eq_2; axioms=[propext]
origin=CombinatorialContracts.SparseSupply; declaration=CombinatorialContracts.EqualRevenue.approxSupply_card_le; axioms=[propext,
 Classical.choice,
 Quot.sound]
origin=CombinatorialContracts.OracleProgram; declaration=CombinatorialContracts.OracleProgram.eval_queryRecords; axioms=[propext,
 Classical.choice,
 Quot.sound]
origin=CombinatorialContracts.Tightness; declaration=CombinatorialContracts.Tightness.Bundle.normalized_reward_le_one; axioms=[propext,
 Classical.choice,
 Quot.sound]
origin=CombinatorialContracts.MainLowerBound; declaration=CombinatorialContracts.LowerBounds.randomized_high_accuracy_query_bound_lintegral; axioms=[propext,
 Classical.choice,
 Quot.sound]
origin=CombinatorialContracts.Model; declaration=CombinatorialContracts.Model.cost_nonneg; axioms=[propext,
 Quot.sound,
 Classical.choice]
origin=CombinatorialContracts.OracleIdentification; declaration=CombinatorialContracts.OracleIdentification.BatchProgram.map._unsafe_rec; axioms=[]
origin=CombinatorialContracts.SupplyProgram; declaration=_private.CombinatorialContracts.SupplyProgram.0.CombinatorialContracts.SupplyProgram.translate.match_1.eq_1; axioms=[propext,
 Classical.choice,
 Quot.sound]
origin=CombinatorialContracts.PaperStatements; declaration=CombinatorialContracts.Paper.theorem2; axioms=[propext,
 Quot.sound,
 Classical.choice]
origin=CombinatorialContracts.LowerBoundStrategy; declaration=CombinatorialContracts.LowerBounds.StrategyAction.ctorElimType; axioms=[propext,
 Classical.choice,
 Quot.sound]
origin=CombinatorialContracts.SupplyProgram; declaration=CombinatorialContracts.SupplyProgram.below; axioms=[propext,
 Classical.choice,
 Quot.sound]
origin=CombinatorialContracts.Algorithm; declaration=CombinatorialContracts.OracleRun.ctorIdx; axioms=[propext,
 Classical.choice,
 Quot.sound]
origin=CombinatorialContracts.SupplyProgram; declaration=CombinatorialContracts.SupplyProgram.eval.eq_2; axioms=[propext,
 Classical.choice,
 Quot.sound]
origin=CombinatorialContracts.EqualRevenue; declaration=CombinatorialContracts.EqualRevenue.model._proof_2; axioms=[propext,
 Classical.choice,
 Quot.sound]
origin=CombinatorialContracts.ChainRealization; declaration=CombinatorialContracts.RealizedChain.isBestResponse_at_entry; axioms=[propext,
 Quot.sound,
 Classical.choice]
origin=CombinatorialContracts.SupplyProgram; declaration=CombinatorialContracts.SupplyProgram.translate.eq_2; axioms=[propext,
 Classical.choice,
 Quot.sound]
origin=CombinatorialContracts.LowerBounds; declaration=CombinatorialContracts.LowerBounds.principal_le_hidden._proof_1_1; axioms=[propext,
 Classical.choice,
 Quot.sound]
origin=CombinatorialContracts.LowerBoundProgram; declaration=_private.CombinatorialContracts.LowerBoundProgram.0.CombinatorialContracts.LowerBounds.compileSupplyProgram.match_1.eq_1; axioms=[propext,
 Classical.choice,
 Quot.sound]
origin=CombinatorialContracts.OracleIdentification; declaration=CombinatorialContracts.OracleIdentification.BatchProgram.ask.elim; axioms=[]
origin=CombinatorialContracts.OracleIdentification; declaration=CombinatorialContracts.OracleIdentification.BatchProgram.randomized_identification_lintegral; axioms=[propext,
 Classical.choice,
 Quot.sound]
origin=CombinatorialContracts.EqualRevenue; declaration=CombinatorialContracts.EqualRevenue.critical_max._proof_1_2; axioms=[propext,
 Quot.sound]
origin=CombinatorialContracts.Tightness; declaration=CombinatorialContracts.Tightness.Bundle.Action; axioms=[]
origin=CombinatorialContracts.LowerBounds; declaration=CombinatorialContracts.LowerBounds.perturbedCost_add_mono._proof_1_2; axioms=[propext,
 Quot.sound]
origin=CombinatorialContracts.EqualRevenue; declaration=CombinatorialContracts.EqualRevenue.model_utility; axioms=[propext,
 Classical.choice,
 Quot.sound]
origin=CombinatorialContracts.OracleIdentification; declaration=CombinatorialContracts.OracleIdentification.PointProgram.bind.match_1; axioms=[]
origin=CombinatorialContracts.OracleIdentification; declaration=CombinatorialContracts.OracleIdentification.BatchProgram.result.eq_2; axioms=[propext]
origin=CombinatorialContracts.RobustOracleProgram; declaration=CombinatorialContracts.OracleProgram.evalIndexed.eq_1; axioms=[propext,
 Classical.choice,
 Quot.sound]
origin=CombinatorialContracts.OracleIdentification; declaration=CombinatorialContracts.OracleIdentification.BatchProgram.result.congr_simp; axioms=[propext,
 Quot.sound]
origin=CombinatorialContracts.OracleProgram; declaration=_private.CombinatorialContracts.OracleProgram.0.CombinatorialContracts.OracleProgram.readSingletons.match_1.eq_1; axioms=[]
origin=CombinatorialContracts.SupplyProgram; declaration=CombinatorialContracts.SupplyProgram.eval._unsafe_rec; axioms=[propext,
 Classical.choice,
 Quot.sound]
origin=CombinatorialContracts.SupplyProgram; declaration=CombinatorialContracts.SupplyProgram.noConfusionType; axioms=[propext,
 Classical.choice,
 Quot.sound]
origin=CombinatorialContracts.LowerBounds; declaration=CombinatorialContracts.LowerBounds.model._proof_6; axioms=[propext,
 Quot.sound,
 Classical.choice]
origin=CombinatorialContracts.OracleIdentification; declaration=CombinatorialContracts.OracleIdentification.PointProgram._sizeOf_1; axioms=[]
origin=CombinatorialContracts.OracleProgram; declaration=CombinatorialContracts.OracleProgram.response.sizeOf_spec; axioms=[propext,
 Classical.choice,
 Quot.sound]
origin=CombinatorialContracts.Scaling; declaration=CombinatorialContracts.scaledModel._proof_5; axioms=[propext,
 Quot.sound,
 Classical.choice]
origin=CombinatorialContracts.OracleIdentification; declaration=CombinatorialContracts.OracleIdentification.BatchProgram.ctorElim; axioms=[]
origin=CombinatorialContracts.OracleIdentification; declaration=CombinatorialContracts.OracleIdentification.pointBatch.eq_2; axioms=[]
origin=CombinatorialContracts.ChainEnvelope; declaration=CombinatorialContracts.LineChain.principal_le_entry; axioms=[propext,
 Classical.choice,
 Quot.sound]
origin=CombinatorialContracts.LowerBoundStrategy; declaration=CombinatorialContracts.LowerBounds.StrategyAction.noConfusion; axioms=[propext,
 Classical.choice,
 Quot.sound]
origin=CombinatorialContracts.OracleIdentification; declaration=CombinatorialContracts.OracleIdentification.PointProgram.pure.sizeOf_spec; axioms=[]
origin=CombinatorialContracts.LowerBoundStrategy; declaration=CombinatorialContracts.LowerBounds.StrategyObservation.cost; axioms=[propext,
 Quot.sound,
 Classical.choice]
origin=CombinatorialContracts.OracleIdentification; declaration=_private.CombinatorialContracts.OracleIdentification.0.CombinatorialContracts.OracleIdentification.PointProgram.result.match_1.splitter; axioms=[]
origin=CombinatorialContracts.OracleProgram; declaration=_private.CombinatorialContracts.OracleProgram.0.CombinatorialContracts.OracleProgram.bind.match_1.eq_4; axioms=[propext,
 Classical.choice,
 Quot.sound]
origin=CombinatorialContracts.SupplyProgram; declaration=CombinatorialContracts.SupplyProgram.translate.eq_1; axioms=[propext,
 Classical.choice,
 Quot.sound]
origin=CombinatorialContracts.OracleIdentification; declaration=CombinatorialContracts.OracleIdentification.probeSum; axioms=[propext,
 Quot.sound,
 Classical.choice]
origin=CombinatorialContracts.Model; declaration=CombinatorialContracts.IsResponse; axioms=[propext,
 Quot.sound,
 Classical.choice]
origin=CombinatorialContracts.OracleProgram; declaration=CombinatorialContracts.OracleProgram.recordTrace; axioms=[propext,
 Classical.choice,
 Quot.sound]
origin=CombinatorialContracts.LowerBounds; declaration=CombinatorialContracts.LowerBounds.perturbedCost_add_mono; axioms=[propext,
 Classical.choice,
 Quot.sound]
origin=CombinatorialContracts.LowerBoundStrategy; declaration=CombinatorialContracts.LowerBounds.StrategyObservation.reward.sizeOf_spec; axioms=[propext,
 Quot.sound,
 Classical.choice]
origin=CombinatorialContracts.LowerBounds; declaration=CombinatorialContracts.LowerBounds.hidden_isResponse._proof_1_10; axioms=[propext,
 Quot.sound]
origin=CombinatorialContracts.EqualRevenue; declaration=CombinatorialContracts.EqualRevenue.increment_gap._proof_1_1; axioms=[propext,
 Quot.sound]
origin=CombinatorialContracts.Algorithm; declaration=CombinatorialContracts.OracleRun._sizeOf_1; axioms=[propext,
 Classical.choice,
 Quot.sound]
origin=CombinatorialContracts.Tightness; declaration=CombinatorialContracts.Tightness.Bundle.anchor_reward; axioms=[propext,
 Classical.choice,
 Quot.sound]
origin=CombinatorialContracts.Tightness; declaration=CombinatorialContracts.Tightness.Singleton.chain._proof_7; axioms=[propext,
 Quot.sound]
origin=CombinatorialContracts.ChainEnvelope; declaration=CombinatorialContracts.LineChain.utility_le_at_entry._proof_1_5; axioms=[propext,
 Quot.sound]
origin=CombinatorialContracts.LowerBoundStrategy; declaration=CombinatorialContracts.LowerBounds.StrategyAction.halt; axioms=[propext,
 Classical.choice,
 Quot.sound]
origin=CombinatorialContracts.OracleProgram; declaration=_private.CombinatorialContracts.OracleProgram.0.CombinatorialContracts.OracleProgram.eval.match_1.eq_3; axioms=[propext,
 Classical.choice,
 Quot.sound]
origin=CombinatorialContracts.LowerBounds; declaration=CombinatorialContracts.LowerBounds.chain._proof_1; axioms=[propext,
 Quot.sound]
origin=CombinatorialContracts.OracleIdentification; declaration=CombinatorialContracts.OracleIdentification.BatchProgram.map.eq_1; axioms=[]
origin=CombinatorialContracts.EqualRevenue; declaration=CombinatorialContracts.EqualRevenue.binaryIndex_empty; axioms=[propext,
 Quot.sound]
origin=CombinatorialContracts.OracleProgram; declaration=CombinatorialContracts.QueryKind.rec; axioms=[]
origin=CombinatorialContracts.SupplyProgram; declaration=_private.CombinatorialContracts.SupplyProgram.0.CombinatorialContracts.SupplyProgram.eval.match_1.splitter; axioms=[propext,
 Classical.choice,
 Quot.sound]
origin=CombinatorialContracts.OracleProgram; declaration=_private.CombinatorialContracts.OracleProgram.0.CombinatorialContracts.OracleProgram.tableValues.match_1.eq_2; axioms=[]
origin=CombinatorialContracts.OracleProgram; declaration=CombinatorialContracts.OracleProgram.ctorElim; axioms=[propext,
 Classical.choice,
 Quot.sound]
origin=CombinatorialContracts.Tightness; declaration=CombinatorialContracts.Tightness.Singleton.realized._proof_6; axioms=[propext,
 Quot.sound]
origin=CombinatorialContracts.Welfare; declaration=CombinatorialContracts.finite_first_appearance_bound._simp_1_1; axioms=[propext,
 Quot.sound]
origin=CombinatorialContracts.RobustOracleProgram; declaration=CombinatorialContracts.OracleProgram.robustGeometricProgram; axioms=[propext,
 Classical.choice,
 Quot.sound]
origin=CombinatorialContracts.LowerBoundProgram; declaration=CombinatorialContracts.LowerBounds.batchCandidates_length; axioms=[propext,
 Classical.choice,
 Quot.sound]
origin=CombinatorialContracts.ChainRealization; declaration=CombinatorialContracts.RealizedChain.ctorIdx; axioms=[propext,
 Quot.sound,
 Classical.choice]
origin=CombinatorialContracts.Scaling; declaration=CombinatorialContracts.scaledModel._proof_6; axioms=[propext,
 Quot.sound,
 Classical.choice]
origin=CombinatorialContracts.OracleIdentification; declaration=CombinatorialContracts.OracleIdentification.BatchProgram.compile_expectedProbes_le; axioms=[propext,
 Quot.sound,
 Classical.choice]
origin=CombinatorialContracts.Tightness; declaration=CombinatorialContracts.Tightness.Bundle.sets.eq_3; axioms=[propext,
 Quot.sound,
 Classical.choice]
origin=CombinatorialContracts.SupplySimulation; declaration=CombinatorialContracts.LowerBounds.supplyAnswer_correct; axioms=[propext,
 Classical.choice,
 Quot.sound]
origin=CombinatorialContracts.LowerBoundStrategy; declaration=CombinatorialContracts.LowerBounds.runStrategyFuel.eq_1; axioms=[propext,
 Classical.choice,
 Quot.sound]
origin=CombinatorialContracts.Tightness; declaration=CombinatorialContracts.Tightness.additiveModel_reward; axioms=[propext,
 Quot.sound,
 Classical.choice]
origin=CombinatorialContracts.LowerBoundStrategy; declaration=CombinatorialContracts.LowerBounds.finiteStrategyProgram_exact; axioms=[propext,
 Classical.choice,
 Quot.sound]
origin=CombinatorialContracts.Scale; declaration=CombinatorialContracts.card_pos_of_optimalValue_pos; axioms=[propext,
 Quot.sound,
 Classical.choice]
origin=CombinatorialContracts.PaperStatements; declaration=CombinatorialContracts.Paper.exact_run_query_bounds; axioms=[propext,
 Quot.sound,
 Classical.choice]
origin=CombinatorialContracts.SparseSupply; declaration=_private.CombinatorialContracts.SparseSupply.0.CombinatorialContracts.EqualRevenue.not_ambiguous_below; axioms=[propext,
 Quot.sound,
 Classical.choice]
origin=CombinatorialContracts.EqualRevenue; declaration=CombinatorialContracts.EqualRevenue.cost_succ; axioms=[propext,
 Classical.choice,
 Quot.sound]
origin=CombinatorialContracts.OracleIdentification; declaration=CombinatorialContracts.OracleIdentification.PointProgram.bind.eq_1; axioms=[]
origin=CombinatorialContracts.Algorithm; declaration=CombinatorialContracts.OracleRun.costQueries; axioms=[propext,
 Classical.choice,
 Quot.sound]
origin=CombinatorialContracts.SupplyProgram; declaration=CombinatorialContracts.SupplyProgram.supply.noConfusion; axioms=[propext,
 Classical.choice,
 Quot.sound]
origin=CombinatorialContracts.Tightness; declaration=CombinatorialContracts.Tightness.additiveModel._proof_4; axioms=[propext,
 Classical.choice,
 Quot.sound]
origin=CombinatorialContracts.SupplyProgram; declaration=CombinatorialContracts.SupplyProgram.eval_translate; axioms=[propext,
 Classical.choice,
 Quot.sound]
origin=CombinatorialContracts.ChainEnvelope; declaration=CombinatorialContracts.LineChain.utility_lt_at_entry_of_later._proof_1_2; axioms=[propext,
 Quot.sound]
origin=CombinatorialContracts.MainLowerBound; declaration=CombinatorialContracts.LowerBounds.corollary3_exact_lower_bound_ennreal._proof_1_1; axioms=[propext,
 Quot.sound]
origin=CombinatorialContracts.Tightness; declaration=CombinatorialContracts.Tightness.Bundle.a.eq_1; axioms=[propext,
 Classical.choice,
 Quot.sound]
origin=CombinatorialContracts.SupplyProgram; declaration=CombinatorialContracts.SupplyProgram.reward.inj; axioms=[propext,
 Quot.sound,
 Classical.choice]
origin=CombinatorialContracts.EqualRevenue; declaration=CombinatorialContracts.EqualRevenue.harmonic_succ; axioms=[propext,
 Classical.choice,
 Quot.sound]
origin=CombinatorialContracts.LowerBoundProgram; declaration=CombinatorialContracts.LowerBounds.compileSupplyProgram_result; axioms=[propext,
 Classical.choice,
 Quot.sound]
origin=CombinatorialContracts.SharpSparseSupply; declaration=CombinatorialContracts.EqualRevenue.cost_add_gap_sharp._proof_1_1; axioms=[propext,
 Quot.sound]
origin=CombinatorialContracts.LowerBoundStrategy; declaration=CombinatorialContracts.LowerBounds.StrategyObservation.supply.elim; axioms=[propext,
 Classical.choice,
 Quot.sound]
origin=CombinatorialContracts.Tightness; declaration=CombinatorialContracts.Tightness.Bundle.quadratic_lower_bound; axioms=[propext,
 Classical.choice,
 Quot.sound]
origin=CombinatorialContracts.Tightness; declaration=CombinatorialContracts.Tightness.Bundle.weight.match_1; axioms=[]
origin=CombinatorialContracts.OracleProgram; declaration=CombinatorialContracts.OracleProgram.pure.elim; axioms=[propext,
 Classical.choice,
 Quot.sound]
origin=CombinatorialContracts.Tightness; declaration=CombinatorialContracts.Tightness.Singleton.cost_insert; axioms=[propext,
 Classical.choice,
 Quot.sound]
origin=CombinatorialContracts.OracleIdentification; declaration=CombinatorialContracts.OracleIdentification.pointOracle; axioms=[]
origin=CombinatorialContracts.LowerBounds; declaration=CombinatorialContracts.LowerBounds.model_additive; axioms=[propext,
 Quot.sound,
 Classical.choice]
origin=CombinatorialContracts.EqualRevenue; declaration=CombinatorialContracts.EqualRevenue.utility_le_add._proof_1_4; axioms=[propext,
 Quot.sound]
origin=CombinatorialContracts.OracleProgram; declaration=CombinatorialContracts.OracleProgram.tableValues_of_mem; axioms=[propext,
 Quot.sound,
 Classical.choice]
origin=CombinatorialContracts.Robustness; declaration=CombinatorialContracts.approximate_oracle_robustness._simp_1_2; axioms=[propext,
 Quot.sound,
 Classical.choice]
origin=CombinatorialContracts.FiniteEnvelope; declaration=CombinatorialContracts.FiniteEnvelope.exists_grid._proof_1_12; axioms=[propext,
 Quot.sound,
 Classical.choice]
origin=CombinatorialContracts.Model; declaration=CombinatorialContracts.Model.mk.noConfusion; axioms=[propext,
 Quot.sound,
 Classical.choice]
origin=CombinatorialContracts.LowerBounds; declaration=CombinatorialContracts.LowerBounds.profitable_contract_interval._proof_1_1; axioms=[propext,
 Classical.choice,
 Quot.sound]
origin=CombinatorialContracts.Tightness; declaration=CombinatorialContracts.Tightness.Bundle.D_step._simp_1_3; axioms=[propext]
origin=CombinatorialContracts.OracleProgram; declaration=CombinatorialContracts.OracleProgram.cost.noConfusion; axioms=[propext,
 Quot.sound,
 Classical.choice]
origin=CombinatorialContracts.Tightness; declaration=CombinatorialContracts.Tightness.Singleton.entry_profit._simp_1_1; axioms=[propext]
origin=CombinatorialContracts.ChainEnvelope; declaration=CombinatorialContracts.LineChain.mk.injEq; axioms=[propext,
 Classical.choice,
 Quot.sound]
origin=CombinatorialContracts.OracleIdentification; declaration=CombinatorialContracts.OracleIdentification.successProbability.eq_1; axioms=[propext,
 Quot.sound,
 Classical.choice]
origin=CombinatorialContracts.Model; declaration=CombinatorialContracts.optimalValue_nonneg; axioms=[propext,
 Quot.sound,
 Classical.choice]
origin=CombinatorialContracts.LowerBounds; declaration=CombinatorialContracts.LowerBounds.decoding_unique._proof_1_1; axioms=[propext,
 Quot.sound]
origin=CombinatorialContracts.LowerBounds; declaration=CombinatorialContracts.LowerBounds.decodeNat; axioms=[propext,
 Classical.choice,
 Quot.sound]
origin=CombinatorialContracts.LowerBounds; declaration=CombinatorialContracts.LowerBounds.approximate_profit_gt_one._proof_1_1; axioms=[propext,
 Quot.sound]
origin=CombinatorialContracts.Model; declaration=CombinatorialContracts.bestResponse_principal_le_optimalValue; axioms=[propext,
 Quot.sound,
 Classical.choice]
origin=CombinatorialContracts.SupplyProgram; declaration=CombinatorialContracts.SupplyProgram.eval; axioms=[propext,
 Classical.choice,
 Quot.sound]
origin=CombinatorialContracts.SupplyProgram; declaration=_private.CombinatorialContracts.SupplyProgram.0.CombinatorialContracts.SupplyProgram.translate.match_1.splitter; axioms=[propext,
 Classical.choice,
 Quot.sound]
origin=CombinatorialContracts.OracleIdentification; declaration=CombinatorialContracts.OracleIdentification.BatchProgram.expectedCost.eq_1; axioms=[propext,
 Quot.sound,
 Classical.choice]
origin=CombinatorialContracts.OracleIdentification; declaration=CombinatorialContracts.OracleIdentification.successProbability.congr_simp; axioms=[propext,
 Quot.sound,
 Classical.choice]
origin=CombinatorialContracts.Welfare; declaration=CombinatorialContracts.finite_first_appearance_bound; axioms=[propext,
 Quot.sound,
 Classical.choice]
origin=CombinatorialContracts.EqualRevenue; declaration=CombinatorialContracts.EqualRevenue.harmonic_binary_bounds; axioms=[propext,
 Classical.choice,
 Quot.sound]
origin=CombinatorialContracts.Tightness; declaration=CombinatorialContracts.Tightness.Bundle.chain._simp_10; axioms=[propext]
origin=CombinatorialContracts.MainLowerBound; declaration=CombinatorialContracts.LowerBounds.identificationProgram; axioms=[propext,
 Classical.choice,
 Quot.sound]
origin=CombinatorialContracts.Geometric; declaration=CombinatorialContracts.shifted_geometric_cover._proof_1_1; axioms=[propext,
 Quot.sound]
origin=CombinatorialContracts.SparseSupply; declaration=_private.CombinatorialContracts.SparseSupply.0.CombinatorialContracts.EqualRevenue.lowBits.eq_1; axioms=[propext,
 Quot.sound]
origin=CombinatorialContracts.Tightness; declaration=CombinatorialContracts.Tightness.Singleton.chain._proof_1; axioms=[propext,
 Classical.choice,
 Quot.sound]
origin=CombinatorialContracts.OracleProgram; declaration=CombinatorialContracts.OracleProgram.recordTrace_cost; axioms=[propext,
 Classical.choice,
 Quot.sound]
origin=CombinatorialContracts.OracleProgram; declaration=CombinatorialContracts.OracleProgram.queryRecords.eq_2; axioms=[propext,
 Classical.choice,
 Quot.sound]
origin=CombinatorialContracts.SparseSupply; declaration=CombinatorialContracts.EqualRevenue.approxSupply_card_explicit._proof_1_1; axioms=[propext,
 Classical.choice,
 Quot.sound]
origin=CombinatorialContracts.OracleIdentification; declaration=CombinatorialContracts.OracleIdentification.BatchProgram.ask; axioms=[]
origin=CombinatorialContracts.Model; declaration=CombinatorialContracts.Model.mk.injEq; axioms=[propext,
 Quot.sound,
 Classical.choice]
origin=CombinatorialContracts.ChainEnvelope; declaration=CombinatorialContracts.LineChain.utility_le_at_entry._proof_1_2; axioms=[propext,
 Quot.sound]
origin=CombinatorialContracts.Scale; declaration=CombinatorialContracts.optimal_reward_pos; axioms=[propext,
 Quot.sound,
 Classical.choice]
origin=CombinatorialContracts.Tightness; declaration=CombinatorialContracts.Tightness.Singleton.chain._proof_5; axioms=[propext,
 Quot.sound]
origin=CombinatorialContracts.EqualRevenue; declaration=CombinatorialContracts.EqualRevenue.model_cost; axioms=[propext,
 Quot.sound,
 Classical.choice]
origin=CombinatorialContracts.Geometric; declaration=CombinatorialContracts.unshifted_geometric_cover; axioms=[propext,
 Classical.choice,
 Quot.sound]
origin=CombinatorialContracts.Tightness; declaration=CombinatorialContracts.Tightness.Bundle.optimalValue_eq; axioms=[propext,
 Classical.choice,
 Quot.sound]
origin=CombinatorialContracts.Tightness; declaration=_private.CombinatorialContracts.Tightness.0.CombinatorialContracts.Tightness.Bundle.sets.match_1.eq_1; axioms=[]
origin=CombinatorialContracts.OracleProgram; declaration=CombinatorialContracts.OracleProgram.readSingletons._unsafe_rec; axioms=[propext,
 Classical.choice,
 Quot.sound]
origin=CombinatorialContracts.ChainRealization; declaration=CombinatorialContracts.RealizedChain.noConfusion; axioms=[propext,
 Quot.sound,
 Classical.choice]
origin=CombinatorialContracts.MainLowerBound; declaration=CombinatorialContracts.LowerBounds.randomized_query_bound_of_score; axioms=[propext,
 Classical.choice,
 Quot.sound]
origin=CombinatorialContracts.Geometric; declaration=CombinatorialContracts.shifted_geometric_cover._proof_1_2; axioms=[propext,
 Quot.sound]
origin=CombinatorialContracts.OracleProgram; declaration=_private.CombinatorialContracts.OracleProgram.0.CombinatorialContracts.OracleProgram.bind.match_1.splitter; axioms=[propext,
 Classical.choice,
 Quot.sound]
origin=CombinatorialContracts.SparseSupply; declaration=_private.CombinatorialContracts.SparseSupply.0.CombinatorialContracts.EqualRevenue.bitAt_eq_iff._proof_1_3; axioms=[propext,
 Quot.sound]
origin=CombinatorialContracts.Tightness; declaration=CombinatorialContracts.Tightness.Singleton.large_utility_neg; axioms=[propext,
 Classical.choice,
 Quot.sound]
origin=CombinatorialContracts.OracleProgram; declaration=CombinatorialContracts.OracleProgram.eval._unsafe_rec; axioms=[propext,
 Classical.choice,
 Quot.sound]
origin=CombinatorialContracts.OracleProgram; declaration=CombinatorialContracts.OracleProgram.pure.injEq; axioms=[propext,
 Classical.choice,
 Quot.sound]
origin=CombinatorialContracts.Tightness; declaration=CombinatorialContracts.Tightness.additiveModel_additive; axioms=[propext,
 Quot.sound,
 Classical.choice]
origin=CombinatorialContracts.FiniteEnvelope; declaration=CombinatorialContracts.FiniteEnvelope.exists_partition._proof_1_2; axioms=[propext,
 Quot.sound]
origin=CombinatorialContracts.Tightness; declaration=CombinatorialContracts.Tightness.Bundle.chain._proof_6; axioms=[propext,
 Classical.choice,
 Quot.sound]
origin=CombinatorialContracts.Tightness; declaration=CombinatorialContracts.Tightness.additiveModel._proof_3; axioms=[propext,
 Classical.choice,
 Quot.sound]
origin=CombinatorialContracts.Welfare; declaration=CombinatorialContracts.finite_first_appearance_bound._simp_1_2; axioms=[propext,
 Quot.sound,
 Classical.choice]
origin=CombinatorialContracts.EqualRevenue; declaration=CombinatorialContracts.EqualRevenue.model_critical_profit; axioms=[propext,
 Classical.choice,
 Quot.sound]
origin=CombinatorialContracts.SharpSparseSupply; declaration=CombinatorialContracts.EqualRevenue.approxSupply_card_le_of_critical_gaps._proof_1_2; axioms=[propext,
 Quot.sound]
origin=CombinatorialContracts.Algorithm; declaration=CombinatorialContracts.OracleRun.mk._flat_ctor; axioms=[propext,
 Classical.choice,
 Quot.sound]
origin=CombinatorialContracts.FiniteEnvelope; declaration=CombinatorialContracts.FiniteEnvelope.exists_grid._proof_1_9; axioms=[propext,
 Quot.sound,
 Classical.choice]
origin=CombinatorialContracts.LowerBoundProgram; declaration=CombinatorialContracts.LowerBounds.SupplyLabel; axioms=[propext,
 Classical.choice,
 Quot.sound]
origin=CombinatorialContracts.OracleProgram; declaration=CombinatorialContracts.OracleProgram.cost.sizeOf_spec; axioms=[propext,
 Quot.sound,
 Classical.choice]
origin=CombinatorialContracts.OracleProgram; declaration=CombinatorialContracts.OracleProgram.cost; axioms=[propext,
 Quot.sound,
 Classical.choice]
origin=CombinatorialContracts.LowerBounds; declaration=CombinatorialContracts.LowerBounds.hidden_models_distinct._proof_1_2; axioms=[propext,
 Quot.sound,
 Classical.choice]
origin=CombinatorialContracts.MainLowerBound; declaration=CombinatorialContracts.LowerBounds.theorem8_worst_instance._proof_1_1; axioms=[propext,
 Quot.sound]
origin=CombinatorialContracts.MainLowerBound; declaration=CombinatorialContracts.LowerBounds.approximationIndicator; axioms=[propext,
 Classical.choice,
 Quot.sound]
origin=CombinatorialContracts.LowerBoundStrategy; declaration=CombinatorialContracts.LowerBounds.StrategyAction.ctorIdx; axioms=[propext,
 Classical.choice,
 Quot.sound]
origin=CombinatorialContracts.RobustOracleProgram; declaration=_private.CombinatorialContracts.RobustOracleProgram.0.CombinatorialContracts.OracleProgram.evalIndexed.match_1.eq_1; axioms=[propext,
 Classical.choice,
 Quot.sound]
origin=CombinatorialContracts.SupplySimulation; declaration=_private.CombinatorialContracts.SupplySimulation.0.CombinatorialContracts.LowerBounds.noncandidate_supplyUtility_eq; axioms=[propext,
 Classical.choice,
 Quot.sound]
origin=CombinatorialContracts.Algorithm; declaration=CombinatorialContracts.OracleRun.mk.injEq; axioms=[propext,
 Classical.choice,
 Quot.sound]
origin=CombinatorialContracts.Robustness; declaration=CombinatorialContracts.robustAlgorithm._proof_1; axioms=[Classical.choice,
 propext,
 Quot.sound]
origin=CombinatorialContracts.Model; declaration=CombinatorialContracts.principal; axioms=[propext,
 Quot.sound,
 Classical.choice]
origin=CombinatorialContracts.Scaling; declaration=CombinatorialContracts.scaled_optimalValue; axioms=[propext,
 Quot.sound,
 Classical.choice]
origin=CombinatorialContracts.OracleIdentification; declaration=CombinatorialContracts.OracleIdentification.PointProgram.probes_bind; axioms=[propext]
origin=CombinatorialContracts.Robustness; declaration=CombinatorialContracts.robustAlgorithm_record_valid; axioms=[propext,
 Quot.sound,
 Classical.choice]
origin=CombinatorialContracts.LowerBoundProgram; declaration=_private.CombinatorialContracts.LowerBoundProgram.0.CombinatorialContracts.LowerBounds.batchCandidates.match_1.eq_2; axioms=[propext,
 Classical.choice,
 Quot.sound]
origin=CombinatorialContracts.SupplyProgram; declaration=CombinatorialContracts.SupplyProgram.eval._sunfold; axioms=[propext,
 Classical.choice,
 Quot.sound]
origin=CombinatorialContracts.LowerBounds; declaration=CombinatorialContracts.LowerBounds.model.congr_simp; axioms=[propext,
 Quot.sound,
 Classical.choice]
origin=CombinatorialContracts.OracleProgram; declaration=CombinatorialContracts.OracleProgram.queryRecords._sunfold; axioms=[propext,
 Classical.choice,
 Quot.sound]
origin=CombinatorialContracts.LowerBounds; declaration=CombinatorialContracts.LowerBounds.nonhidden_profit_le_one; axioms=[propext,
 Classical.choice,
 Quot.sound]
origin=CombinatorialContracts.Algorithm; declaration=CombinatorialContracts.algorithm1_logarithmic_query_bound._proof_1_1; axioms=[propext,
 Quot.sound,
 Classical.choice]
origin=CombinatorialContracts.SupplyProgram; declaration=CombinatorialContracts.SupplyProgram.supply.inj; axioms=[propext,
 Classical.choice,
 Quot.sound]
origin=CombinatorialContracts.LowerBounds; declaration=CombinatorialContracts.LowerBounds.decodeNat.eq_1; axioms=[propext,
 Classical.choice,
 Quot.sound]
origin=CombinatorialContracts.OracleIdentification; declaration=CombinatorialContracts.OracleIdentification.finite_randomized_identification; axioms=[propext,
 Quot.sound,
 Classical.choice]
origin=CombinatorialContracts.EqualRevenue; declaration=CombinatorialContracts.EqualRevenue.critical; axioms=[propext,
 Classical.choice,
 Quot.sound]
origin=CombinatorialContracts.RobustOracleProgram; declaration=_private.CombinatorialContracts.RobustOracleProgram.0.CombinatorialContracts.OracleProgram.evalIndexed.match_1.splitter; axioms=[propext,
 Classical.choice,
 Quot.sound]
origin=CombinatorialContracts.SupplyProgram; declaration=CombinatorialContracts.SupplyProgram.pure.elim; axioms=[propext,
 Classical.choice,
 Quot.sound]
origin=CombinatorialContracts.Tightness; declaration=CombinatorialContracts.Tightness.Singleton.reward_le_one; axioms=[propext,
 Classical.choice,
 Quot.sound]
origin=CombinatorialContracts.Algorithm; declaration=CombinatorialContracts.algorithm1_single_action_queries; axioms=[propext,
 Quot.sound,
 Classical.choice]
origin=CombinatorialContracts.LowerBounds; declaration=CombinatorialContracts.LowerBounds.model_cost_mono._proof_1_1; axioms=[propext,
 Quot.sound]
origin=CombinatorialContracts.Tightness; declaration=CombinatorialContracts.Tightness.Bundle.chain._simp_11; axioms=[propext,
 Classical.choice,
 Quot.sound]
origin=CombinatorialContracts.Tightness; declaration=CombinatorialContracts.Tightness.Bundle.normalizedModel; axioms=[propext,
 Classical.choice,
 Quot.sound]
origin=CombinatorialContracts.Tightness; declaration=CombinatorialContracts.Tightness.Bundle.model_additive; axioms=[propext,
 Classical.choice,
 Quot.sound]
origin=CombinatorialContracts.OracleProgram; declaration=CombinatorialContracts.OracleProgram.cachedGeometricProgram; axioms=[propext,
 Quot.sound,
 Classical.choice]
origin=CombinatorialContracts.SupplyProgram; declaration=CombinatorialContracts.SupplyProgram.bind._unsafe_rec; axioms=[propext,
 Classical.choice,
 Quot.sound]
origin=CombinatorialContracts.LowerBounds; declaration=CombinatorialContracts.LowerBounds.response_entry_le._proof_1_1; axioms=[propext,
 Classical.choice,
 Quot.sound]
origin=CombinatorialContracts.OracleIdentification; declaration=CombinatorialContracts.OracleIdentification.correct_le_one; axioms=[propext,
 Classical.choice,
 Quot.sound]
origin=CombinatorialContracts.ChainEnvelope; declaration=CombinatorialContracts.LineChain.utility_le_at_entry._proof_1_6; axioms=[propext,
 Quot.sound]
origin=CombinatorialContracts.LowerBoundStrategy; declaration=CombinatorialContracts.LowerBounds.StrategyAction.halt.inj; axioms=[propext,
 Classical.choice,
 Quot.sound]
origin=CombinatorialContracts.Algorithm; declaration=_private.CombinatorialContracts.Algorithm.0.CombinatorialContracts.bestOf.match_1.splitter; axioms=[]
origin=CombinatorialContracts.Tightness; declaration=CombinatorialContracts.Tightness.Bundle.chain; axioms=[propext,
 Classical.choice,
 Quot.sound]
origin=CombinatorialContracts.Tightness; declaration=CombinatorialContracts.Tightness.Singleton.entry_strictMono; axioms=[propext,
 Classical.choice,
 Quot.sound]
origin=CombinatorialContracts.Model; declaration=CombinatorialContracts.Model.noConfusion; axioms=[propext,
 Quot.sound,
 Classical.choice]
origin=CombinatorialContracts.PaperStatements; declaration=CombinatorialContracts.Paper.exact_run_outcome; axioms=[propext,
 Quot.sound,
 Classical.choice]
origin=CombinatorialContracts.OracleProgram; declaration=CombinatorialContracts.QueryKind.casesOn; axioms=[]
origin=CombinatorialContracts.Tightness; declaration=CombinatorialContracts.Tightness.Bundle.bCost; axioms=[propext,
 Classical.choice,
 Quot.sound]
origin=CombinatorialContracts.OracleIdentification; declaration=CombinatorialContracts.OracleIdentification.BatchProgram.pure.inj; axioms=[]
origin=CombinatorialContracts.Tightness; declaration=CombinatorialContracts.Tightness.Singleton.model.eq_1; axioms=[propext,
 Classical.choice,
 Quot.sound]
origin=CombinatorialContracts.Geometric; declaration=CombinatorialContracts.log_square_bound; axioms=[propext,
 Classical.choice,
 Quot.sound]
origin=CombinatorialContracts.EqualRevenue; declaration=CombinatorialContracts.EqualRevenue.model._proof_7; axioms=[propext,
 Quot.sound,
 Classical.choice]
origin=CombinatorialContracts.LowerBoundStrategy; declaration=CombinatorialContracts.LowerBounds.StrategyAction.cost.inj; axioms=[propext,
 Quot.sound,
 Classical.choice]
origin=CombinatorialContracts.MainLowerBound; declaration=CombinatorialContracts.LowerBounds.corollary3_exact_worst_instance._proof_1_1; axioms=[propext,
 Quot.sound]
origin=CombinatorialContracts.OracleIdentification; declaration=CombinatorialContracts.OracleIdentification.PointProgram.pure.inj; axioms=[]
origin=CombinatorialContracts.Tightness; declaration=CombinatorialContracts.Tightness.Bundle.R.eq_1; axioms=[propext,
 Classical.choice,
 Quot.sound]
origin=CombinatorialContracts.LowerBounds; declaration=CombinatorialContracts.LowerBounds.entry_other; axioms=[propext,
 Classical.choice,
 Quot.sound]
origin=CombinatorialContracts.SupplyProgram; declaration=_private.CombinatorialContracts.SupplyProgram.0.CombinatorialContracts.SupplyProgram.bind.match_1.eq_4; axioms=[propext,
 Classical.choice,
 Quot.sound]
origin=CombinatorialContracts.SparseSupply; declaration=_private.CombinatorialContracts.SparseSupply.0.CombinatorialContracts.EqualRevenue.not_ambiguous_below._proof_1_1; axioms=[propext,
 Quot.sound,
 Classical.choice]
origin=CombinatorialContracts.OracleProgram; declaration=CombinatorialContracts.QueryKind.reward; axioms=[]
origin=CombinatorialContracts.Algorithm; declaration=CombinatorialContracts.OracleRun.noConfusionType; axioms=[propext,
 Classical.choice,
 Quot.sound]
origin=CombinatorialContracts.LowerBoundStrategy; declaration=CombinatorialContracts.LowerBounds.StrategyAction.noConfusionType; axioms=[propext,
 Classical.choice,
 Quot.sound]
origin=CombinatorialContracts.EndpointRegression; declaration=CombinatorialContracts.EndpointRegression.freeAction._proof_1; axioms=[propext,
 Classical.choice,
 Quot.sound]
origin=CombinatorialContracts.OracleIdentification; declaration=CombinatorialContracts.OracleIdentification.BatchProgram.compile._unsafe_rec; axioms=[]
origin=CombinatorialContracts.LowerBounds; declaration=CombinatorialContracts.LowerBounds.response_entry_le; axioms=[propext,
 Classical.choice,
 Quot.sound]
origin=CombinatorialContracts.Tightness; declaration=CombinatorialContracts.Tightness.Singleton.chain._proof_4; axioms=[propext,
 Quot.sound]
origin=CombinatorialContracts.MainLowerBound; declaration=CombinatorialContracts.LowerBounds.lintegral_hiddenMean; axioms=[propext,
 Classical.choice,
 Quot.sound]
origin=CombinatorialContracts.OracleIdentification; declaration=CombinatorialContracts.OracleIdentification.PointProgram.brecOn; axioms=[]
origin=CombinatorialContracts.EqualRevenue; declaration=CombinatorialContracts.EqualRevenue.singleton_scale_of_largest_reward; axioms=[propext,
 Quot.sound,
 Classical.choice]
origin=CombinatorialContracts.ChainEnvelope; declaration=CombinatorialContracts.LineChain.recOn; axioms=[propext,
 Classical.choice,
 Quot.sound]
origin=CombinatorialContracts.Tightness; declaration=CombinatorialContracts.Tightness.Singleton.model.congr_simp; axioms=[propext,
 Classical.choice,
 Quot.sound]
origin=CombinatorialContracts.OracleIdentification; declaration=CombinatorialContracts.OracleIdentification.BatchProgram.result.eq_1; axioms=[propext]
origin=CombinatorialContracts.OracleProgram; declaration=_private.CombinatorialContracts.OracleProgram.0.CombinatorialContracts.OracleProgram.queryRecords.match_1.eq_1; axioms=[propext,
 Classical.choice,
 Quot.sound]
origin=CombinatorialContracts.EqualRevenue; declaration=CombinatorialContracts.EqualRevenue.utility_le_add._proof_1_1; axioms=[propext,
 Quot.sound]
origin=CombinatorialContracts.Algorithm; declaration=CombinatorialContracts.OracleRun.grid; axioms=[propext,
 Classical.choice,
 Quot.sound]
origin=CombinatorialContracts.EqualRevenue; declaration=CombinatorialContracts.EqualRevenue.cost_add_mono; axioms=[propext,
 Classical.choice,
 Quot.sound]
origin=CombinatorialContracts.SupplySimulation; declaration=CombinatorialContracts.LowerBounds.candidateIndices; axioms=[propext,
 Classical.choice,
 Quot.sound]
origin=CombinatorialContracts.ChainEnvelope; declaration=CombinatorialContracts.LineChain.utility_le_at_entry._proof_1_10; axioms=[propext,
 Quot.sound]
origin=CombinatorialContracts.Model; declaration=CombinatorialContracts.optimalValue_le_welfare; axioms=[propext,
 Quot.sound,
 Classical.choice]
origin=CombinatorialContracts.LowerBounds; declaration=CombinatorialContracts.LowerBounds.model_cost_supermodular._proof_1_1; axioms=[propext,
 Quot.sound]
origin=CombinatorialContracts.SupplySimulation; declaration=CombinatorialContracts.LowerBounds.supplyAnswer; axioms=[propext,
 Classical.choice,
 Quot.sound]
origin=CombinatorialContracts.ChainRealization; declaration=CombinatorialContracts.RealizedChain.isResponse_at_entry._proof_1_1; axioms=[propext,
 Quot.sound]
origin=CombinatorialContracts.LowerBounds; declaration=CombinatorialContracts.LowerBounds.hidden_isResponse._proof_1_2; axioms=[propext,
 Quot.sound]
origin=CombinatorialContracts.ChainRealization; declaration=CombinatorialContracts.RealizedChain.unique_optimal_pair._proof_1_5; axioms=[propext,
 Quot.sound]
origin=CombinatorialContracts.Model; declaration=CombinatorialContracts.Model.mk.inj; axioms=[propext,
 Quot.sound,
 Classical.choice]
origin=CombinatorialContracts.ChainRealization; declaration=CombinatorialContracts.LineChain.utility.eq_1; axioms=[propext,
 Classical.choice,
 Quot.sound]
origin=CombinatorialContracts.OracleIdentification; declaration=CombinatorialContracts.OracleIdentification.BatchProgram.ask.injEq; axioms=[propext]
origin=CombinatorialContracts.Algorithm; declaration=CombinatorialContracts.QueryRecord.mk.sizeOf_spec; axioms=[propext,
 Classical.choice,
 Quot.sound]
origin=CombinatorialContracts.Model; declaration=CombinatorialContracts.costTieResponse_iff_response; axioms=[propext,
 Quot.sound,
 Classical.choice]
origin=CombinatorialContracts.EqualRevenue; declaration=CombinatorialContracts.EqualRevenue.binary_welfare_max._proof_1_1; axioms=[propext,
 Quot.sound]
origin=CombinatorialContracts.Algorithm; declaration=CombinatorialContracts.supply_oracle_approximation; axioms=[propext,
 Quot.sound,
 Classical.choice]
origin=CombinatorialContracts.ChainRealization; declaration=CombinatorialContracts.RealizedChain.entry_mem; axioms=[propext,
 Quot.sound,
 Classical.choice]
origin=CombinatorialContracts.ChainEnvelope; declaration=CombinatorialContracts.LineChain.utility_le_at_entry._proof_1_9; axioms=[propext,
 Quot.sound]
origin=CombinatorialContracts.MainLowerBound; declaration=CombinatorialContracts.LowerBounds.exactIndicator; axioms=[propext,
 Classical.choice,
 Quot.sound]
origin=CombinatorialContracts.Tightness; declaration=CombinatorialContracts.Tightness.Singleton.rawCost_zero; axioms=[propext,
 Classical.choice,
 Quot.sound]
origin=CombinatorialContracts.ChainEnvelope; declaration=CombinatorialContracts.LineChain.ctorIdx; axioms=[propext,
 Classical.choice,
 Quot.sound]
origin=CombinatorialContracts.MainLowerBound; declaration=CombinatorialContracts.LowerBounds.exactProbability; axioms=[propext,
 Classical.choice,
 Quot.sound]
origin=CombinatorialContracts.LowerBoundStrategy; declaration=CombinatorialContracts.LowerBounds.exists_finite_program_of_termination; axioms=[propext,
 Classical.choice,
 Quot.sound]
origin=CombinatorialContracts.EqualRevenue; declaration=CombinatorialContracts.EqualRevenue.model._proof_6; axioms=[propext,
 Quot.sound,
 Classical.choice]
origin=CombinatorialContracts.ChainRealization; declaration=CombinatorialContracts.RealizedChain.unique_optimal_pair._proof_1_1; axioms=[propext,
 Quot.sound]
origin=CombinatorialContracts.LowerBoundProgram; declaration=CombinatorialContracts.LowerBounds.costAnswer.eq_1; axioms=[propext,
 Quot.sound,
 Classical.choice]
origin=CombinatorialContracts.Tightness; declaration=CombinatorialContracts.Tightness.Singleton.entry_profit._simp_1_6; axioms=[propext,
 Classical.choice,
 Quot.sound]
origin=CombinatorialContracts.MainLowerBound; declaration=CombinatorialContracts.LowerBounds.integrable_hiddenMean; axioms=[propext,
 Classical.choice,
 Quot.sound]
origin=CombinatorialContracts.ChainEnvelope; declaration=CombinatorialContracts.LineChain.cost; axioms=[propext,
 Classical.choice,
 Quot.sound]
origin=CombinatorialContracts.LowerBounds; declaration=CombinatorialContracts.LowerBounds.hard_family; axioms=[propext,
 Quot.sound,
 Classical.choice]
origin=CombinatorialContracts.Tightness; declaration=CombinatorialContracts.Tightness.Singleton.cost_nonneg; axioms=[propext,
 Classical.choice,
 Quot.sound]
origin=CombinatorialContracts.Algorithm; declaration=CombinatorialContracts.QueryRecord.casesOn; axioms=[propext,
 Classical.choice,
 Quot.sound]
origin=CombinatorialContracts.OracleProgram; declaration=_private.CombinatorialContracts.OracleProgram.0.CombinatorialContracts.OracleProgram.tableValues.match_1.splitter; axioms=[]
origin=CombinatorialContracts.OracleProgram; declaration=_private.CombinatorialContracts.OracleProgram.0.CombinatorialContracts.OracleProgram.queryRecords.match_1.eq_2; axioms=[propext,
 Classical.choice,
 Quot.sound]
origin=CombinatorialContracts.LowerBoundStrategy; declaration=CombinatorialContracts.LowerBounds.StrategyAction.ctorElim; axioms=[propext,
 Classical.choice,
 Quot.sound]
origin=CombinatorialContracts.Algorithm; declaration=CombinatorialContracts.OracleRun.responseQueries; axioms=[propext,
 Classical.choice,
 Quot.sound]
origin=CombinatorialContracts.ChainEnvelope; declaration=CombinatorialContracts.LineChain.mk.noConfusion; axioms=[propext,
 Classical.choice,
 Quot.sound]
origin=CombinatorialContracts.OracleIdentification; declaration=CombinatorialContracts.OracleIdentification.pointOracle.congr_simp; axioms=[Quot.sound]
origin=CombinatorialContracts.Model; declaration=CombinatorialContracts.principal_le_welfare; axioms=[propext,
 Quot.sound,
 Classical.choice]
origin=CombinatorialContracts.OracleProgram; declaration=CombinatorialContracts.OracleProgram.below; axioms=[propext,
 Classical.choice,
 Quot.sound]
origin=CombinatorialContracts.OracleIdentification; declaration=CombinatorialContracts.OracleIdentification.pointBatch_probes; axioms=[propext,
 Quot.sound,
 Classical.choice]
origin=CombinatorialContracts.Model; declaration=CombinatorialContracts.response_spec; axioms=[propext,
 Quot.sound,
 Classical.choice]
origin=CombinatorialContracts.FiniteEnvelope; declaration=CombinatorialContracts.FiniteEnvelope.mem_breakpoints_bounds._simp_1_3; axioms=[propext,
 Quot.sound]
origin=CombinatorialContracts.Scaling; declaration=CombinatorialContracts.scaled_total_one; axioms=[propext,
 Quot.sound,
 Classical.choice]
origin=CombinatorialContracts.SupplySimulation; declaration=CombinatorialContracts.LowerBounds.supplyBatchHit; axioms=[propext,
 Classical.choice,
 Quot.sound]
origin=CombinatorialContracts.RobustOracleProgram; declaration=CombinatorialContracts.OracleProgram.robustGeometricProgram._proof_2; axioms=[Classical.choice,
 propext,
 Quot.sound]
origin=CombinatorialContracts.OracleIdentification; declaration=CombinatorialContracts.OracleIdentification.PointProgram.ask.noConfusion; axioms=[]
origin=CombinatorialContracts.SupplyProgram; declaration=CombinatorialContracts.SupplyProgram.casesOn; axioms=[propext,
 Classical.choice,
 Quot.sound]
origin=CombinatorialContracts.EqualRevenue; declaration=CombinatorialContracts.EqualRevenue.utility_le_add._proof_1_2; axioms=[propext,
 Quot.sound]
origin=CombinatorialContracts.Tightness; declaration=CombinatorialContracts.Tightness.Bundle.realized._proof_9; axioms=[propext,
 Classical.choice,
 Quot.sound]
origin=CombinatorialContracts.SparseSupply; declaration=_private.CombinatorialContracts.SparseSupply.0.CombinatorialContracts.EqualRevenue.encoding_injective_ordered._proof_1_7; axioms=[propext,
 Quot.sound,
 Classical.choice]
origin=CombinatorialContracts.Model; declaration=CombinatorialContracts.Model.recOn; axioms=[propext,
 Quot.sound,
 Classical.choice]
origin=CombinatorialContracts.Algorithm; declaration=CombinatorialContracts.algorithm1_approx_of_scale._simp_1_4; axioms=[propext,
 Quot.sound]
origin=CombinatorialContracts.Tightness; declaration=CombinatorialContracts.Tightness.Singleton.entry_profit._simp_1_7; axioms=[propext]
origin=CombinatorialContracts.EqualRevenue; declaration=CombinatorialContracts.EqualRevenue.utility_add_le._proof_1_4; axioms=[propext,
 Quot.sound]
origin=CombinatorialContracts.LowerBoundStrategy; declaration=CombinatorialContracts.LowerBounds.StrategyAction.reward; axioms=[propext,
 Quot.sound,
 Classical.choice]
origin=CombinatorialContracts.OracleProgram; declaration=CombinatorialContracts.OracleProgram.cachedRecords; axioms=[propext,
 Classical.choice,
 Quot.sound]
origin=CombinatorialContracts.ChainEnvelope; declaration=CombinatorialContracts.LineChain.utility_step_nonneg; axioms=[propext,
 Classical.choice,
 Quot.sound]
origin=CombinatorialContracts.Robustness; declaration=CombinatorialContracts.robustAlgorithm_output_nonneg; axioms=[propext,
 Quot.sound,
 Classical.choice]
origin=CombinatorialContracts.Algorithm; declaration=CombinatorialContracts.QueryRecord.recOn; axioms=[propext,
 Classical.choice,
 Quot.sound]
origin=CombinatorialContracts.Tightness; declaration=CombinatorialContracts.Tightness.Singleton.realized._proof_1; axioms=[propext,
 Quot.sound]
origin=CombinatorialContracts.Tightness; declaration=CombinatorialContracts.Tightness.Bundle.model; axioms=[propext,
 Classical.choice,
 Quot.sound]
origin=CombinatorialContracts.PaperStatements; declaration=CombinatorialContracts.Paper.theorem2_empty; axioms=[propext,
 Quot.sound,
 Classical.choice]
origin=CombinatorialContracts.OracleIdentification; declaration=CombinatorialContracts.OracleIdentification.BatchProgram.pure.noConfusion; axioms=[]
origin=CombinatorialContracts.SupplyProgram; declaration=CombinatorialContracts.SupplyProgram.rec; axioms=[propext,
 Classical.choice,
 Quot.sound]
origin=CombinatorialContracts.Algorithm; declaration=CombinatorialContracts.gridShares; axioms=[propext,
 Classical.choice,
 Quot.sound]
origin=CombinatorialContracts.OracleIdentification; declaration=CombinatorialContracts.OracleIdentification.BatchProgram.rec; axioms=[]
origin=CombinatorialContracts.SparseSupply; declaration=_private.CombinatorialContracts.SparseSupply.0.CombinatorialContracts.EqualRevenue.encoding_injective_ordered; axioms=[propext,
 Quot.sound,
 Classical.choice]
origin=CombinatorialContracts.LowerBoundStrategy; declaration=CombinatorialContracts.LowerBounds.StrategyAction.reward.noConfusion; axioms=[propext,
 Quot.sound,
 Classical.choice]
origin=CombinatorialContracts.LowerBounds; declaration=CombinatorialContracts.LowerBounds.accuracy_advantage; axioms=[propext,
 Classical.choice,
 Quot.sound]
origin=CombinatorialContracts.LowerBounds; declaration=CombinatorialContracts.LowerBounds.instanceAt_eq; axioms=[propext,
 Quot.sound,
 Classical.choice]
origin=CombinatorialContracts.LowerBoundStrategy; declaration=CombinatorialContracts.LowerBounds.StrategyObservation.reward.noConfusion; axioms=[propext,
 Quot.sound,
 Classical.choice]
origin=CombinatorialContracts.Algorithm; declaration=CombinatorialContracts.bestOf.match_1; axioms=[]
origin=CombinatorialContracts.Tightness; declaration=CombinatorialContracts.Tightness.additiveModel._proof_2; axioms=[propext,
 Classical.choice,
 Quot.sound]
origin=CombinatorialContracts.SparseSupply; declaration=_private.CombinatorialContracts.SparseSupply.0.CombinatorialContracts.EqualRevenue.minAmb_le; axioms=[propext,
 Quot.sound,
 Classical.choice]
origin=CombinatorialContracts.Model; declaration=CombinatorialContracts.response_cost_le; axioms=[propext,
 Quot.sound,
 Classical.choice]
origin=CombinatorialContracts.Tightness; declaration=CombinatorialContracts.Tightness.Bundle.model.congr_simp; axioms=[propext,
 Classical.choice,
 Quot.sound]
origin=CombinatorialContracts.Robustness; declaration=CombinatorialContracts.approximate_undershoot_payoff._simp_1_6; axioms=[propext,
 Classical.choice,
 Quot.sound]
origin=CombinatorialContracts.EqualRevenue; declaration=CombinatorialContracts.EqualRevenue.cost_zero; axioms=[propext,
 Classical.choice,
 Quot.sound]
origin=CombinatorialContracts.EqualRevenue; declaration=CombinatorialContracts.EqualRevenue.welfare_eq._proof_1_1; axioms=[propext,
 Quot.sound]
origin=CombinatorialContracts.Algorithm; declaration=CombinatorialContracts.bestOf; axioms=[propext,
 Classical.choice,
 Quot.sound]
origin=CombinatorialContracts.FiniteEnvelope; declaration=CombinatorialContracts.FiniteEnvelope.exists_grid._proof_1_11; axioms=[propext,
 Quot.sound,
 Classical.choice]
origin=CombinatorialContracts.EqualRevenue; declaration=CombinatorialContracts.EqualRevenue.utility_add_le; axioms=[propext,
 Classical.choice,
 Quot.sound]
origin=CombinatorialContracts.ChainEnvelope; declaration=CombinatorialContracts.LineChain.utility_lt_at_entry_of_later._proof_1_6; axioms=[propext,
 Quot.sound]
origin=CombinatorialContracts.Algorithm; declaration=CombinatorialContracts.bestOf._sunfold; axioms=[propext,
 Classical.choice,
 Quot.sound]
origin=CombinatorialContracts.LowerBounds; declaration=CombinatorialContracts.LowerBounds.perturbedIncrement_nonneg; axioms=[propext,
 Classical.choice,
 Quot.sound]
origin=CombinatorialContracts.Welfare; declaration=CombinatorialContracts.subadditive_le_sum_singletons; axioms=[propext,
 Quot.sound,
 Classical.choice]
origin=CombinatorialContracts.OracleIdentification; declaration=CombinatorialContracts.OracleIdentification.adaptive_identification_sum; axioms=[propext,
 Quot.sound,
 Classical.choice]
origin=CombinatorialContracts.LowerBoundStrategy; declaration=CombinatorialContracts.LowerBounds.StrategyObservation.supply.injEq; axioms=[propext,
 Classical.choice,
 Quot.sound]
origin=CombinatorialContracts.SupplySimulation; declaration=CombinatorialContracts.LowerBounds.chosenSupplyResponse_spec; axioms=[propext,
 Quot.sound,
 Classical.choice]
origin=CombinatorialContracts.OracleProgram; declaration=CombinatorialContracts.QueryKind.response.elim; axioms=[]
origin=CombinatorialContracts.LowerBounds; declaration=CombinatorialContracts.LowerBounds.perturbation_small; axioms=[propext,
 Classical.choice,
 Quot.sound]
origin=CombinatorialContracts.Tightness; declaration=CombinatorialContracts.Tightness.Singleton.cost_supermodular; axioms=[propext,
 Classical.choice,
 Quot.sound]
origin=CombinatorialContracts.EqualRevenue; declaration=CombinatorialContracts.EqualRevenue.harmonic_mono; axioms=[propext,
 Classical.choice,
 Quot.sound]
origin=CombinatorialContracts.OracleIdentification; declaration=CombinatorialContracts.OracleIdentification.PointProgram.result._sunfold; axioms=[]
origin=CombinatorialContracts.Tightness; declaration=CombinatorialContracts.Tightness.Bundle.unique_optimal_pair._proof_1_3; axioms=[propext,
 Quot.sound]
origin=CombinatorialContracts.Algorithm; declaration=CombinatorialContracts.algorithm1_output_mem_grid_of_welfare_pos; axioms=[propext,
 Quot.sound,
 Classical.choice]
origin=CombinatorialContracts.Algorithm; declaration=CombinatorialContracts.algorithm1_approx_of_scale._simp_1_5; axioms=[propext,
 Quot.sound,
 Classical.choice]
origin=CombinatorialContracts.EqualRevenue; declaration=CombinatorialContracts.EqualRevenue.principal_le_one; axioms=[propext,
 Classical.choice,
 Quot.sound]
origin=CombinatorialContracts.Algorithm; declaration=CombinatorialContracts.OracleRun.casesOn; axioms=[propext,
 Classical.choice,
 Quot.sound]
origin=CombinatorialContracts.Tightness; declaration=CombinatorialContracts.Tightness.Singleton.cost; axioms=[propext,
 Classical.choice,
 Quot.sound]
origin=CombinatorialContracts.Tightness; declaration=CombinatorialContracts.Tightness.Singleton.realized._proof_10; axioms=[propext,
 Quot.sound]
origin=CombinatorialContracts.LowerBoundProgram; declaration=_private.CombinatorialContracts.LowerBoundProgram.0.CombinatorialContracts.LowerBounds.compileSupplyProgram.match_1.eq_2; axioms=[propext,
 Classical.choice,
 Quot.sound]
origin=CombinatorialContracts.OracleProgram; declaration=CombinatorialContracts.OracleProgram.queryRecords._unsafe_rec; axioms=[propext,
 Classical.choice,
 Quot.sound]
origin=CombinatorialContracts.LowerBoundProgram; declaration=CombinatorialContracts.LowerBounds.compileSupplyProgram; axioms=[propext,
 Classical.choice,
 Quot.sound]
origin=CombinatorialContracts.OracleIdentification; declaration=CombinatorialContracts.OracleIdentification.PointProgram.result.match_1; axioms=[]
origin=CombinatorialContracts.EqualRevenue; declaration=CombinatorialContracts.EqualRevenue.utility_later_lt_entry._proof_1_1; axioms=[propext,
 Quot.sound]
origin=CombinatorialContracts.OracleProgram; declaration=CombinatorialContracts.OracleProgram.tableValues_univ; axioms=[propext,
 Quot.sound,
 Classical.choice]
origin=CombinatorialContracts.Tightness; declaration=CombinatorialContracts.Tightness.Singleton.welfare_ratio; axioms=[propext,
 Classical.choice,
 Quot.sound]
origin=CombinatorialContracts.OracleIdentification; declaration=_private.CombinatorialContracts.OracleIdentification.0.CombinatorialContracts.OracleIdentification.BatchProgram.result.match_1.eq_1; axioms=[]
origin=CombinatorialContracts.OracleProgram; declaration=CombinatorialContracts.OracleProgram.casesOn; axioms=[propext,
 Classical.choice,
 Quot.sound]
origin=CombinatorialContracts.Tightness; declaration=CombinatorialContracts.Tightness.Bundle.factor; axioms=[propext,
 Classical.choice,
 Quot.sound]
origin=CombinatorialContracts.OracleProgram; declaration=CombinatorialContracts.OracleProgram.recordTrace_response; axioms=[propext,
 Classical.choice,
 Quot.sound]
origin=CombinatorialContracts.SparseSupply; declaration=CombinatorialContracts.EqualRevenue.approxSupply_pairBound; axioms=[propext,
 Classical.choice,
 Quot.sound]
origin=CombinatorialContracts.Algorithm; declaration=CombinatorialContracts.QueryRecord.mk._flat_ctor; axioms=[propext,
 Classical.choice,
 Quot.sound]
origin=CombinatorialContracts.EqualRevenue; declaration=CombinatorialContracts.EqualRevenue.increment_gap._proof_1_3; axioms=[propext,
 Quot.sound]
origin=CombinatorialContracts.EndpointRegression; declaration=CombinatorialContracts.EndpointRegression.freeAction._proof_4; axioms=[propext,
 Quot.sound,
 Classical.choice]
origin=CombinatorialContracts.SparseSupply; declaration=_private.CombinatorialContracts.SparseSupply.0.CombinatorialContracts.EqualRevenue.encoding_injective_ordered._proof_1_5; axioms=[propext,
 Quot.sound,
 Classical.choice]
origin=CombinatorialContracts.Model; declaration=CombinatorialContracts.Model.cost_empty; axioms=[propext,
 Quot.sound,
 Classical.choice]
origin=CombinatorialContracts.LowerBoundAsymptotics; declaration=CombinatorialContracts.polynomial_mul_smaller_exponential; axioms=[propext,
 Classical.choice,
 Quot.sound]
origin=CombinatorialContracts.ChainEnvelope; declaration=CombinatorialContracts.LineChain.utility_lt_at_entry_of_later._proof_1_5; axioms=[propext,
 Quot.sound]
origin=CombinatorialContracts.ChainRealization; declaration=CombinatorialContracts.RealizedChain.mk.inj; axioms=[propext,
 Quot.sound,
 Classical.choice]
origin=CombinatorialContracts.Tightness; declaration=CombinatorialContracts.Tightness.Bundle.cost; axioms=[propext,
 Classical.choice,
 Quot.sound]
origin=CombinatorialContracts.OracleIdentification; declaration=CombinatorialContracts.OracleIdentification.batchAnswer; axioms=[propext]
origin=CombinatorialContracts.SupplyProgram; declaration=CombinatorialContracts.SupplyProgram.pure.injEq; axioms=[propext,
 Classical.choice,
 Quot.sound]
origin=CombinatorialContracts.OracleIdentification; declaration=CombinatorialContracts.OracleIdentification.PointProgram.probes.eq_1; axioms=[]
origin=CombinatorialContracts.OracleProgram; declaration=CombinatorialContracts.QueryKind.recOn; axioms=[]
origin=CombinatorialContracts.ChainEnvelope; declaration=CombinatorialContracts.LineChain.utility_lt_at_entry_of_later._proof_1_4; axioms=[propext,
 Quot.sound]
origin=CombinatorialContracts.OracleProgram; declaration=CombinatorialContracts.instReprQueryKind; axioms=[]
origin=CombinatorialContracts.Algorithm; declaration=CombinatorialContracts.QueryRecord.query_share; axioms=[propext,
 Classical.choice,
 Quot.sound]
origin=CombinatorialContracts.OracleProgram; declaration=CombinatorialContracts.OracleProgram.reward.sizeOf_spec; axioms=[propext,
 Quot.sound,
 Classical.choice]
origin=CombinatorialContracts.Model; declaration=CombinatorialContracts.principal_le_optimalValue; axioms=[propext,
 Quot.sound,
 Classical.choice]
origin=CombinatorialContracts.Algorithm; declaration=CombinatorialContracts.OracleRun.output_mem; axioms=[propext,
 Classical.choice,
 Quot.sound]
origin=CombinatorialContracts.SharpSparseSupply; declaration=CombinatorialContracts.EqualRevenue.critical_gap_minimum._proof_1_5; axioms=[propext,
 Quot.sound]
origin=CombinatorialContracts.Model; declaration=CombinatorialContracts.HasAdditiveReward; axioms=[propext,
 Quot.sound,
 Classical.choice]
origin=CombinatorialContracts.OracleIdentification; declaration=_private.CombinatorialContracts.OracleIdentification.0.CombinatorialContracts.OracleIdentification.BatchProgram.result.match_1.eq_2; axioms=[]
origin=CombinatorialContracts.EqualRevenue; declaration=CombinatorialContracts.EqualRevenue.optimalValue_eq_one._proof_1_1; axioms=[propext,
 Quot.sound]
origin=CombinatorialContracts.EqualRevenue; declaration=CombinatorialContracts.EqualRevenue.critical_max._proof_1_1; axioms=[propext,
 Quot.sound]
origin=CombinatorialContracts.Tightness; declaration=CombinatorialContracts.Tightness.Singleton.chain.eq_1; axioms=[propext,
 Classical.choice,
 Quot.sound]
origin=CombinatorialContracts.Tightness; declaration=CombinatorialContracts.Tightness.Singleton.large_cost; axioms=[propext,
 Classical.choice,
 Quot.sound]
origin=CombinatorialContracts.EndpointRegression; declaration=CombinatorialContracts.EndpointRegression.response_cannot_return_empty_at_zero; axioms=[propext,
 Quot.sound,
 Classical.choice]
origin=CombinatorialContracts.Tightness; declaration=CombinatorialContracts.Tightness.Bundle.realized._proof_7; axioms=[propext,
 Quot.sound]
origin=CombinatorialContracts.OracleIdentification; declaration=CombinatorialContracts.OracleIdentification.pointBatch; axioms=[]
origin=CombinatorialContracts.Tightness; declaration=CombinatorialContracts.Tightness.Bundle.realized.eq_1; axioms=[propext,
 Classical.choice,
 Quot.sound]
origin=CombinatorialContracts.Tightness; declaration=CombinatorialContracts.Tightness.Bundle.D_nonneg; axioms=[propext,
 Classical.choice,
 Quot.sound]
origin=CombinatorialContracts.EqualRevenue; declaration=CombinatorialContracts.EqualRevenue.model._proof_4; axioms=[propext,
 Quot.sound,
 Classical.choice]
origin=CombinatorialContracts.OracleIdentification; declaration=CombinatorialContracts.OracleIdentification.PointProgram; axioms=[]
origin=CombinatorialContracts.OracleIdentification; declaration=CombinatorialContracts.OracleIdentification.BatchProgram.successProbability_eq; axioms=[propext,
 Quot.sound,
 Classical.choice]
origin=CombinatorialContracts.Tightness; declaration=CombinatorialContracts.Tightness.Bundle.realized._proof_10; axioms=[propext,
 Classical.choice,
 Quot.sound]
origin=CombinatorialContracts.MainLowerBound; declaration=CombinatorialContracts.LowerBounds.integral_hiddenMean; axioms=[propext,
 Classical.choice,
 Quot.sound]
origin=CombinatorialContracts.OracleProgram; declaration=CombinatorialContracts.QueryKind.ofNat; axioms=[]
origin=CombinatorialContracts.OracleProgram; declaration=CombinatorialContracts.QueryKind._sizeOf_inst; axioms=[]
origin=CombinatorialContracts.Model; declaration=CombinatorialContracts.response_reward_monotone; axioms=[propext,
 Quot.sound,
 Classical.choice]
origin=CombinatorialContracts.SupplyProgram; declaration=CombinatorialContracts.SupplyProgram.ctorElimType; axioms=[propext,
 Classical.choice,
 Quot.sound]
origin=CombinatorialContracts.Model; declaration=CombinatorialContracts.supplyResponse_iff_response; axioms=[propext,
 Quot.sound,
 Classical.choice]
origin=CombinatorialContracts.OracleIdentification; declaration=CombinatorialContracts.OracleIdentification.BatchProgram.ctorElimType; axioms=[]
origin=CombinatorialContracts.Tightness; declaration=CombinatorialContracts.Tightness.Bundle.a; axioms=[propext,
 Classical.choice,
 Quot.sound]
origin=CombinatorialContracts.LowerBoundProgram; declaration=_private.CombinatorialContracts.LowerBoundProgram.0.CombinatorialContracts.LowerBounds.batchCandidates.match_1.eq_1; axioms=[propext,
 Classical.choice,
 Quot.sound]
origin=CombinatorialContracts.RobustOracleProgram; declaration=CombinatorialContracts.OracleProgram.robustGeometricProgram.eq_1; axioms=[propext,
 Classical.choice,
 Quot.sound]
origin=CombinatorialContracts.SupplySimulation; declaration=_private.CombinatorialContracts.SupplySimulation.0.CombinatorialContracts.LowerBounds.base_optimizer_mem_approxSupply; axioms=[propext,
 Classical.choice,
 Quot.sound]
origin=CombinatorialContracts.LowerBounds; declaration=CombinatorialContracts.LowerBounds.hidden_properties._proof_1_6; axioms=[propext,
 Quot.sound,
 Classical.choice]
origin=CombinatorialContracts.Tightness; declaration=CombinatorialContracts.Tightness.Singleton.realized._proof_2; axioms=[propext,
 Classical.choice,
 Quot.sound]
origin=CombinatorialContracts.OracleIdentification; declaration=CombinatorialContracts.OracleIdentification.PointProgram.result._unsafe_rec; axioms=[]
origin=CombinatorialContracts.OracleProgram; declaration=CombinatorialContracts.OracleProgram.cachedRecords.eq_1; axioms=[propext,
 Classical.choice,
 Quot.sound]
origin=CombinatorialContracts.Geometric; declaration=CombinatorialContracts.log_double_square_bound; axioms=[propext,
 Classical.choice,
 Quot.sound]
AUDITED PROJECT MODULES: [CombinatorialContracts.SupplySimulation,
 CombinatorialContracts.Algorithm,
 CombinatorialContracts.SupplyProgram,
 CombinatorialContracts.EqualRevenue,
 CombinatorialContracts.OracleIdentification,
 CombinatorialContracts.LowerBounds,
 CombinatorialContracts.Scale,
 CombinatorialContracts.ChainRealization,
 CombinatorialContracts.Tightness,
 CombinatorialContracts.OracleProgram,
 CombinatorialContracts.SparseSupply,
 CombinatorialContracts.PaperStatements,
 CombinatorialContracts.LowerBoundStrategy,
 CombinatorialContracts.Scaling,
 CombinatorialContracts.ChainEnvelope,
 CombinatorialContracts.Model,
 CombinatorialContracts.RobustOracleProgram,
 CombinatorialContracts.EndpointRegression,
 CombinatorialContracts.LowerBoundProgram,
 CombinatorialContracts.FiniteEnvelope,
 CombinatorialContracts.Welfare,
 CombinatorialContracts.MainLowerBound,
 CombinatorialContracts.Robustness,
 CombinatorialContracts.SharpSparseSupply,
 CombinatorialContracts.Geometric,
 CombinatorialContracts.LowerBoundAsymptotics,
 CombinatorialContracts.PaperScale]
PASS: origin-complete audit of 1640 project declarations in 27 modules; only propext, Classical.choice, Quot.sound.
